<?xml version="1.0" encoding="UTF-8"?>
<metadata xml:lang="en"><Esri><CreaDate>20180821</CreaDate><CreaTime>16433800</CreaTime><ArcGISFormat>1.0</ArcGISFormat><SyncOnce>TRUE</SyncOnce><DataProperties><lineage><Process ToolSource="c:\program files (x86)\arcgis\desktop10.5\ArcToolbox\Toolboxes\Data Management Tools.tbx\CalculateField" Date="20180821" Time="164338">CalculateField municipalrev_places_2010pop_closestcentroids_polygons2 test "[revenuei_3]/ [TotalPop]" VB #</Process></lineage></DataProperties></Esri></metadata>
