"","fips","index","DI_Blk_Lat_POV30_OR_POV30_SPF30","category"
"1","06001400100",-0.0985911138628572,0,"Moderate Opportunity"
"2","06001400200",0.299920015419048,0,"Highest Opportunity"
"3","06001400300",0.0426244395009524,0,"High Opportunity"
"4","06001400400",0.0872859457095238,0,"High Opportunity"
"5","06001400500",0.0919225322180952,0,"High Opportunity"
"6","06001400600",0.217207493355873,0,"Highest Opportunity"
"7","06001401100",0.24553852320254,0,"Highest Opportunity"
"8","06001401200",0.165340041420635,0,"Highest Opportunity"
"9","06001403300",0.157857597535556,0,"Highest Opportunity"
"10","06001403400",0.0517103132942857,0,"High Opportunity"
"11","06001403501",0.0441966612939683,0,"High Opportunity"
"12","06001403600",0.119001184381905,0,"Highest Opportunity"
"13","06001403701",0.409217783919683,0,"Highest Opportunity"
"14","06001403702",0.317805874056825,0,"Highest Opportunity"
"15","06001403800",0.0426045070593651,0,"High Opportunity"
"16","06001403900",0.115810697264127,0,"Highest Opportunity"
"17","06001404000",0.259503876430476,0,"Highest Opportunity"
"18","06001404101",-0.0311145825574603,0,"Moderate Opportunity"
"19","06001404102",-0.0990840694676191,0,"Moderate Opportunity"
"20","06001404200",-0.0496767091936508,0,"Moderate Opportunity"
"21","06001404300",0.114249592000318,0,"High Opportunity"
"22","06001404400",-0.140552294746984,0,"Low Opportunity"
"23","06001404501",-0.00305826284253965,0,"High Opportunity"
"24","06001404502",-0.0401806328419048,0,"Moderate Opportunity"
"25","06001404600",0.00628181270380953,0,"High Opportunity"
"26","06001404700",0.142099639777778,0,"Highest Opportunity"
"27","06001404800",0.102783785296508,0,"High Opportunity"
"28","06001404900",0.0990580794717461,0,"High Opportunity"
"29","06001405000",-0.140297210498095,0,"Low Opportunity"
"30","06001405100",-0.142240875822222,0,"Low Opportunity"
"31","06001405200",0.0525255415669841,0,"High Opportunity"
"32","06001405301",0.181249345669524,0,"Highest Opportunity"
"33","06001405402",-0.0104271969707937,0,"Moderate Opportunity"
"34","06001405600",0.312641176934603,0,"Highest Opportunity"
"35","06001405902",0.0260110406447619,0,"High Opportunity"
"36","06001406000",-0.159850721665079,0,"Low Opportunity"
"37","06001406400",-0.0610367270717461,0,"Moderate Opportunity"
"38","06001406700",0.0389083480657143,0,"High Opportunity"
"39","06001406800",0.00801188269746031,0,"High Opportunity"
"40","06001406900",0.0505295800415873,0,"High Opportunity"
"41","06001407700",-0.0780730032298413,0,"Moderate Opportunity"
"42","06001407800",-0.034143554144127,0,"Moderate Opportunity"
"43","06001407900",-0.126600697667302,0,"Moderate Opportunity"
"44","06001408000",-0.114182622529841,0,"Moderate Opportunity"
"45","06001408100",-0.345534029465397,0,"Low Opportunity"
"46","06001408300",-0.157605098106667,0,"Low Opportunity"
"47","06001409800",0.135918489728571,0,"Highest Opportunity"
"48","06001409900",-0.379996630853651,0,"Low Opportunity"
"49","06001410000",-0.0383936330971429,0,"Moderate Opportunity"
"50","06001420100",0.14687046282,0,"Highest Opportunity"
"51","06001420200",0.168151049621905,0,"Highest Opportunity"
"52","06001420300",0.922369928191746,0,"Highest Opportunity"
"53","06001420400",0.201347354863492,0,"Highest Opportunity"
"54","06001420500",0.135459729494286,0,"Highest Opportunity"
"55","06001420600",0.143661041617143,0,"Highest Opportunity"
"56","06001421100",0.151026904913016,0,"Highest Opportunity"
"57","06001421200",-0.0432462311796826,0,"Moderate Opportunity"
"58","06001421300",0.060815105135873,0,"High Opportunity"
"59","06001421400",0.153822176027302,0,"Highest Opportunity"
"60","06001421500",-0.0953011910571429,0,"Moderate Opportunity"
"61","06001421600",0.0466622210946032,0,"High Opportunity"
"62","06001421700",0.185990812114921,0,"Highest Opportunity"
"63","06001421800",0.138690459274603,0,"Highest Opportunity"
"64","06001421900",0.34202841223873,0,"Highest Opportunity"
"65","06001422000",0.129869073837778,0,"Highest Opportunity"
"66","06001422100",0.312136973468254,0,"Highest Opportunity"
"67","06001422200",0.315440586250476,0,"Highest Opportunity"
"68","06001422300",0.218790312938095,0,"Highest Opportunity"
"69","06001422400",0.236770211824127,0,"Highest Opportunity"
"70","06001422500",0.502381584192063,0,"Highest Opportunity"
"71","06001422600",0.118299038891111,0,"Highest Opportunity"
"72","06001423000",0.314270863102857,0,"Highest Opportunity"
"73","06001423100",0.20138594703746,0,"Highest Opportunity"
"74","06001423300",0.293351152612381,0,"Highest Opportunity"
"75","06001423400",0.11436695151746,0,"High Opportunity"
"76","06001423500",0.0823716936987302,0,"High Opportunity"
"77","06001423601",0.0451009418784127,0,"High Opportunity"
"78","06001423700",0.0623121352850794,0,"High Opportunity"
"79","06001423800",-0.0903538984498413,0,"Moderate Opportunity"
"80","06001423901",0.205088857899048,0,"Highest Opportunity"
"81","06001423902",-0.00301240913142857,0,"High Opportunity"
"82","06001424002",0.376268137162857,0,"Highest Opportunity"
"83","06001425101",-0.0221421809580952,0,"Moderate Opportunity"
"84","06001425102",0.337590904015873,0,"Highest Opportunity"
"85","06001425103",0.325888452332063,0,"Highest Opportunity"
"86","06001425104",0.267781058546349,0,"Highest Opportunity"
"87","06001426100",0.0851726536638095,0,"High Opportunity"
"88","06001426200",0.088293677586984,0,"High Opportunity"
"89","06001427100",-0.102211035156825,0,"Moderate Opportunity"
"90","06001427200",0.266086538463175,0,"Highest Opportunity"
"91","06001427300",0.0637415874609524,0,"High Opportunity"
"92","06001427700",0.000208073460317454,0,"High Opportunity"
"93","06001427800",0.195814016621587,0,"Highest Opportunity"
"94","06001427900",0.198374203198413,0,"Highest Opportunity"
"95","06001428000",0.204939082429524,0,"Highest Opportunity"
"96","06001428100",0.194640811678095,0,"Highest Opportunity"
"97","06001428200",0.118858410325397,0,"Highest Opportunity"
"98","06001428301",0.0415516118907937,0,"High Opportunity"
"99","06001428302",0.0255507618244445,0,"High Opportunity"
"100","06001428400",0.194794976275556,0,"Highest Opportunity"
"101","06001428500",0.523899972209841,0,"Highest Opportunity"
"102","06001428600",0.0764496978634921,0,"High Opportunity"
"103","06001428700",-0.0703570091311111,0,"Moderate Opportunity"
"104","06001430101",-0.19754815543746,0,"Low Opportunity"
"105","06001430102",-0.0931185697685714,0,"Moderate Opportunity"
"106","06001430200",-0.163364730879365,0,"Low Opportunity"
"107","06001430300",-0.0594770473752381,0,"Moderate Opportunity"
"108","06001430400",-0.200656474629524,0,"Low Opportunity"
"109","06001430500",-0.136009344649524,0,"Low Opportunity"
"110","06001430600",-0.349484944872063,0,"Low Opportunity"
"111","06001430700",-0.0544728570634921,0,"Moderate Opportunity"
"112","06001430800",-0.188658232080952,0,"Low Opportunity"
"113","06001431000",-0.20529498004381,0,"Low Opportunity"
"114","06001431100",0.324374668526032,0,"Highest Opportunity"
"115","06001431200",-0.287742274125079,0,"Low Opportunity"
"116","06001432100",-0.13409479722,0,"Low Opportunity"
"117","06001432200",-0.0066354788107937,0,"High Opportunity"
"118","06001432300",-0.267257306116825,0,"Low Opportunity"
"119","06001432501",-0.221410153765714,0,"Low Opportunity"
"120","06001432502",-0.159134885391746,0,"Low Opportunity"
"121","06001432700",-0.123032297464444,0,"Moderate Opportunity"
"122","06001432800",-0.282034920974286,0,"Low Opportunity"
"123","06001433000",-0.31369024384,0,"Low Opportunity"
"124","06001433102",-0.0926676496304762,0,"Moderate Opportunity"
"125","06001433300",-0.111887604293333,0,"Moderate Opportunity"
"126","06001433400",-0.138162655319048,0,"Low Opportunity"
"127","06001433500",0.047476120424127,0,"High Opportunity"
"128","06001433700",-0.277049530796825,0,"Low Opportunity"
"129","06001433800",-0.234568372246349,0,"Low Opportunity"
"130","06001435102",-0.25589064512127,0,"Low Opportunity"
"131","06001435103",-0.303784540587302,0,"Low Opportunity"
"132","06001435200",-0.244732230898095,0,"Low Opportunity"
"133","06001435300",0.11700597501746,0,"Highest Opportunity"
"134","06001435500",-0.254470909496508,0,"Low Opportunity"
"135","06001435602",-0.101116561175238,0,"Moderate Opportunity"
"136","06001435700",-0.208696578357778,0,"Low Opportunity"
"137","06001435800",-0.273078980357143,0,"Low Opportunity"
"138","06001435900",-0.164539889609206,0,"Low Opportunity"
"139","06001436000",-0.102358417470794,0,"Moderate Opportunity"
"140","06001436100",-0.203712807033333,0,"Low Opportunity"
"141","06001436300",-0.159439721190476,0,"Low Opportunity"
"142","06001436401",-0.0772914381901587,0,"Moderate Opportunity"
"143","06001436402",-0.35199112557746,0,"Low Opportunity"
"144","06001436700",-0.241766268543175,0,"Low Opportunity"
"145","06001436800",-0.376762220121587,0,"Low Opportunity"
"146","06001437000",0.0161487838180952,0,"High Opportunity"
"147","06001437101",0.0959598517260318,0,"High Opportunity"
"148","06001437102",-0.078634302815873,0,"Moderate Opportunity"
"149","06001437200",-0.0291252126733334,0,"Moderate Opportunity"
"150","06001437400",-0.212422133404127,0,"Low Opportunity"
"151","06001437600",-0.180369352233968,0,"Low Opportunity"
"152","06001437800",-0.272685195746032,0,"Low Opportunity"
"153","06001438000",-0.0540936191092064,0,"Moderate Opportunity"
"154","06001438100",-0.0965482446501587,0,"Moderate Opportunity"
"155","06001438203",-0.12200302819873,0,"Moderate Opportunity"
"156","06001438204",0.0148615300057143,0,"High Opportunity"
"157","06001438300",-0.0176004224190476,0,"Moderate Opportunity"
"158","06001438400",-0.190623679626349,0,"Low Opportunity"
"159","06001440100",-0.0285424453022222,0,"Moderate Opportunity"
"160","06001440200",-0.068953929372381,0,"Moderate Opportunity"
"161","06001440301",-0.300030714760952,0,"Low Opportunity"
"162","06001440304",0.241835365976825,0,"Highest Opportunity"
"163","06001440305",-0.154365598645714,0,"Low Opportunity"
"164","06001440306",-0.0511199858907936,0,"Moderate Opportunity"
"165","06001440307",-0.19313132356127,0,"Low Opportunity"
"166","06001440308",-0.225347950455556,0,"Low Opportunity"
"167","06001440331",0.25133096096381,0,"Highest Opportunity"
"168","06001440332",-0.175023526895873,0,"Low Opportunity"
"169","06001440333",-0.0216921787904762,0,"Moderate Opportunity"
"170","06001440334",0.157400345038413,0,"Highest Opportunity"
"171","06001440335",-0.150976959148889,0,"Low Opportunity"
"172","06001440336",-0.188561026255873,0,"Low Opportunity"
"173","06001441100",-0.15545472023873,0,"Low Opportunity"
"174","06001441200",-0.0932044478796825,0,"Moderate Opportunity"
"175","06001441301",0.0594896365828571,0,"High Opportunity"
"176","06001441302",0.0762489999085714,0,"High Opportunity"
"177","06001441401",-0.201007372893651,0,"Low Opportunity"
"178","06001441402",-0.243304157981905,0,"Low Opportunity"
"179","06001441501",-0.139731067821905,0,"Low Opportunity"
"180","06001441503",-0.0850315453866667,0,"Moderate Opportunity"
"181","06001441521",-0.162251373497778,0,"Low Opportunity"
"182","06001441522",0.103765924916508,0,"High Opportunity"
"183","06001441523",0.0295594653933333,0,"High Opportunity"
"184","06001441524",-0.00870589728095239,0,"High Opportunity"
"185","06001441601",0.0472785127571429,0,"High Opportunity"
"186","06001441602",0.118314769669841,0,"Highest Opportunity"
"187","06001441700",-0.0723267448044444,0,"Moderate Opportunity"
"188","06001441800",-0.195004009674286,0,"Low Opportunity"
"189","06001441921",-0.0740435097825397,0,"Moderate Opportunity"
"190","06001441923",-0.193657000069206,0,"Low Opportunity"
"191","06001441924",-0.137314774833333,0,"Low Opportunity"
"192","06001441925",-0.205337385339048,0,"Low Opportunity"
"193","06001441926",0.397648767050794,0,"Highest Opportunity"
"194","06001441927",-0.218388612600317,0,"Low Opportunity"
"195","06001442000",-0.133003008759365,0,"Low Opportunity"
"196","06001442100",0.167141567210794,0,"Highest Opportunity"
"197","06001442200",0.294913828913333,0,"Highest Opportunity"
"198","06001442301",0.0538917835514286,0,"High Opportunity"
"199","06001442302",0.0302274364377778,0,"High Opportunity"
"200","06001442400",0.0829635320971428,0,"High Opportunity"
"201","06001442500",-0.0792235574380952,0,"Moderate Opportunity"
"202","06001442601",-0.148597543967302,0,"Low Opportunity"
"203","06001442602",-0.18430230392127,0,"Low Opportunity"
"204","06001442700",-0.23078177452,0,"Low Opportunity"
"205","06001442800",-0.0758218018015873,0,"Moderate Opportunity"
"206","06001442900",-0.0697632448742857,0,"Moderate Opportunity"
"207","06001443001",0.10823660232127,0,"High Opportunity"
"208","06001443002",-0.0848777829822222,0,"Moderate Opportunity"
"209","06001443102",0.111182102610476,0,"High Opportunity"
"210","06001443103",0.0212147207301587,0,"High Opportunity"
"211","06001443104",-0.184228580181587,0,"Low Opportunity"
"212","06001443105",0.028053447324127,0,"High Opportunity"
"213","06001443200",0.221004161726032,0,"Highest Opportunity"
"214","06001443301",0.25935419367746,0,"Highest Opportunity"
"215","06001443321",0.333696670533651,0,"Highest Opportunity"
"216","06001443322",0.103223223864762,0,"High Opportunity"
"217","06001444100",-0.0905999721111111,0,"Moderate Opportunity"
"218","06001444200",-0.156898158806984,0,"Low Opportunity"
"219","06001444301",0.0812445399590476,0,"High Opportunity"
"220","06001444302",-0.144323505652063,0,"Low Opportunity"
"221","06001444400",-0.277315430219683,0,"Low Opportunity"
"222","06001444500",-0.219547283246032,0,"Low Opportunity"
"223","06001444601",-0.0941980042688889,0,"Moderate Opportunity"
"224","06001444602",-0.190933361022222,0,"Low Opportunity"
"225","06001450101",0.122777465304444,0,"Highest Opportunity"
"226","06001450102",0.0497509804460318,0,"High Opportunity"
"227","06001450200",0.113347248789524,0,"High Opportunity"
"228","06001450300",-0.116029301620635,0,"Moderate Opportunity"
"229","06001450400",-0.0477639025374603,0,"Moderate Opportunity"
"230","06001450501",-0.138506794559683,0,"Low Opportunity"
"231","06001450502",-0.229730429263175,0,"Low Opportunity"
"232","06001450601",-0.0247380216546031,0,"Moderate Opportunity"
"233","06001450602",0.0307435414044444,0,"High Opportunity"
"234","06001450603",-0.0306404727339683,0,"Moderate Opportunity"
"235","06001450604",0.118614970373968,0,"Highest Opportunity"
"236","06001450605",-0.00817806808349202,0,"High Opportunity"
"237","06001450606",-0.112892989589524,0,"Moderate Opportunity"
"238","06001450607",0.0468682192244445,0,"High Opportunity"
"239","06001450701",0.0851474784320635,0,"High Opportunity"
"240","06001450741",0.0852378884368254,0,"High Opportunity"
"241","06001450742",-0.143735705195238,0,"Low Opportunity"
"242","06001450743",-0.0635866827866667,0,"Moderate Opportunity"
"243","06001450744",0.606898552976508,0,"Highest Opportunity"
"244","06001450745",-0.10790130294254,0,"Moderate Opportunity"
"245","06001450746",-0.103189359704127,0,"Moderate Opportunity"
"246","06001450750",0.500286421661587,0,"Highest Opportunity"
"247","06001450751",0.0405451803857143,0,"High Opportunity"
"248","06001450752",-0.170775686184127,0,"Low Opportunity"
"249","06001451101",0.0072361479787302,0,"High Opportunity"
"250","06001451102",-0.176671115835238,0,"Low Opportunity"
"251","06001451201",-0.226394088267302,0,"Low Opportunity"
"252","06001451202",-0.342441353829841,0,"Low Opportunity"
"253","06001451300",-0.215652617231111,0,"Low Opportunity"
"254","06001451401",-0.0743411870606349,0,"Moderate Opportunity"
"255","06001451403",-0.0650947584057143,0,"Moderate Opportunity"
"256","06001451404",-0.0248962722444445,0,"Moderate Opportunity"
"257","06001451501",-0.177254989600317,0,"Low Opportunity"
"258","06001451503",-0.190509146953333,0,"Low Opportunity"
"259","06001451504",-0.147332613140317,0,"Low Opportunity"
"260","06001451505",-0.188717545772381,0,"Low Opportunity"
"261","06001451506",-0.0256168156542857,0,"Moderate Opportunity"
"262","06001451601",-0.0884643510539683,0,"Moderate Opportunity"
"263","06001451602",-0.109554750064127,0,"Moderate Opportunity"
"264","06001451701",-0.193365136979048,0,"Low Opportunity"
"265","06001451703",-0.0993934330828571,0,"Moderate Opportunity"
"266","06001451704",0.0264509749425397,0,"High Opportunity"
"267","06001981900",0.0533131930301587,0,"High Opportunity"
"268","06001982000",0.290634304420952,0,"Highest Opportunity"
"269","06001983200",0.139314783066032,0,"Highest Opportunity"
"270","06013301000",-0.323608685188889,0,"Low Opportunity"
"271","06013302005",-0.279448732838413,0,"Low Opportunity"
"272","06013302006",-0.294788183555556,0,"Low Opportunity"
"273","06013302007",-0.162528805688889,0,"Low Opportunity"
"274","06013302008",-0.139077690691111,0,"Low Opportunity"
"275","06013302010",-0.389170190602857,0,"Low Opportunity"
"276","06013303102",-0.0952930545012698,0,"Moderate Opportunity"
"277","06013303103",-0.181287920535873,0,"Low Opportunity"
"278","06013303201",-0.277580218235238,0,"Low Opportunity"
"279","06013303202",-0.0232820871466666,0,"Moderate Opportunity"
"280","06013303203",-0.0934126920174603,0,"Moderate Opportunity"
"281","06013303204",-0.251378154316825,0,"Low Opportunity"
"282","06013303205",-0.159808930250794,0,"Low Opportunity"
"283","06013304001",0.25221946113619,0,"Highest Opportunity"
"284","06013304002",-0.142529839030794,0,"Low Opportunity"
"285","06013304003",-0.214142462106032,0,"Low Opportunity"
"286","06013304004",-0.31848866352381,0,"Low Opportunity"
"287","06013304005",-0.240682332559048,0,"Low Opportunity"
"288","06013306004",-0.159490832660635,0,"Low Opportunity"
"289","06013307101",-0.328634996423175,0,"Low Opportunity"
"290","06013307204",-0.489581387166032,0,"Low Opportunity"
"291","06013308002",-0.340855672257778,0,"Low Opportunity"
"292","06013313102",-0.294265645194603,0,"Low Opportunity"
"293","06013313103",-0.451190384914286,0,"Low Opportunity"
"294","06013313203",-0.176869999620317,0,"Low Opportunity"
"295","06013313205",-0.298677347158095,0,"Low Opportunity"
"296","06013315000",-0.274065942953968,0,"Low Opportunity"
"297","06013318000",0.0446395852701587,0,"High Opportunity"
"298","06013319000",-0.163090323848571,0,"Low Opportunity"
"299","06013320001",-0.215518065934286,0,"Low Opportunity"
"300","06013320003",-0.336757061788889,0,"Low Opportunity"
"301","06013320004",-0.200594977175873,0,"Low Opportunity"
"302","06013321101",-0.136032696320635,0,"Low Opportunity"
"303","06013321102",-0.130360656195873,0,"Moderate Opportunity"
"304","06013321103",-0.0648335142463492,0,"Moderate Opportunity"
"305","06013321200",0.223127151089524,0,"Highest Opportunity"
"306","06013322000",-0.12121825303746,0,"Moderate Opportunity"
"307","06013323000",-0.221158194799682,0,"Low Opportunity"
"308","06013324001",-0.18718111313873,0,"Low Opportunity"
"309","06013324002",-0.30546962142127,0,"Low Opportunity"
"310","06013325000",-0.122319673307619,0,"Moderate Opportunity"
"311","06013326000",-0.23646654266,0,"Low Opportunity"
"312","06013329000",-0.146611247750476,0,"Low Opportunity"
"313","06013330000",-0.27175354213873,0,"Low Opportunity"
"314","06013331000",-0.307198642194286,0,"Low Opportunity"
"315","06013332000",-0.198331246193333,0,"Low Opportunity"
"316","06013333101",-0.220192172019048,0,"Low Opportunity"
"317","06013333102",-0.264470857666032,0,"Low Opportunity"
"318","06013333200",-0.312806071022857,0,"Low Opportunity"
"319","06013334001",-0.255302016761905,0,"Low Opportunity"
"320","06013334004",-0.0235667061911111,0,"Moderate Opportunity"
"321","06013334006",-0.159353756725714,0,"Low Opportunity"
"322","06013334200",-0.178457974024762,0,"Low Opportunity"
"323","06013335000",-0.00145114529523809,0,"High Opportunity"
"324","06013337100",-0.0912289181450794,0,"Moderate Opportunity"
"325","06013337200",-0.25166289543873,0,"Low Opportunity"
"326","06013337300",-0.253626217894286,0,"Low Opportunity"
"327","06013338101",-0.217423998772698,0,"Low Opportunity"
"328","06013338102",-0.350676082086667,0,"Low Opportunity"
"329","06013338201",-0.276671656548889,0,"Low Opportunity"
"330","06013338203",-0.203456514685397,0,"Low Opportunity"
"331","06013338204",-0.180078585580635,0,"Low Opportunity"
"332","06013338301",-0.189899722993651,0,"Low Opportunity"
"333","06013338302",-0.147850196804762,0,"Low Opportunity"
"334","06013339001",0.102149953223492,0,"High Opportunity"
"335","06013339002",-0.164899003684444,0,"Low Opportunity"
"336","06013340002",-0.155987671838413,0,"Low Opportunity"
"337","06013341000",-0.189417161159048,0,"Low Opportunity"
"338","06013343001",0.0430883767761904,0,"High Opportunity"
"339","06013343002",-0.0374414393993651,0,"Moderate Opportunity"
"340","06013343003",0.152641051443175,0,"Highest Opportunity"
"341","06013345101",0.00447783617396825,0,"High Opportunity"
"342","06013345102",0.0686338479387301,0,"High Opportunity"
"343","06013345103",-0.0108937968171429,0,"Moderate Opportunity"
"344","06013345105",0.0563636055422222,0,"High Opportunity"
"345","06013345108",-0.0335244744574603,0,"Moderate Opportunity"
"346","06013345111",0.00181437933968254,0,"High Opportunity"
"347","06013345112",0.144348870093651,0,"Highest Opportunity"
"348","06013345113",-0.0612618857228572,0,"Moderate Opportunity"
"349","06013345114",-0.0707211944171429,0,"Moderate Opportunity"
"350","06013345115",-0.0603627983092064,0,"Moderate Opportunity"
"351","06013345116",-0.0583540434520635,0,"Moderate Opportunity"
"352","06013345202",-0.0473949503911111,0,"Moderate Opportunity"
"353","06013345203",0.0201910565561905,0,"High Opportunity"
"354","06013345204",-0.083345659764127,0,"Moderate Opportunity"
"355","06013346101",0.32794380508,0,"Highest Opportunity"
"356","06013346102",0.150227599667937,0,"Highest Opportunity"
"357","06013346201",-0.0815782177126984,0,"Moderate Opportunity"
"358","06013346203",-0.10561078732127,0,"Moderate Opportunity"
"359","06013346204",-0.0236907975888889,0,"Moderate Opportunity"
"360","06013347000",-0.130305265005397,0,"Moderate Opportunity"
"361","06013348000",0.0675769889755556,0,"High Opportunity"
"362","06013349000",-0.106705350045714,0,"Moderate Opportunity"
"363","06013350000",0.243296583444444,0,"Highest Opportunity"
"364","06013351101",-0.0575995056879365,0,"Moderate Opportunity"
"365","06013351102",-0.0286477075990476,0,"Moderate Opportunity"
"366","06013351103",0.00879015224222222,0,"High Opportunity"
"367","06013351200",-0.0376300404780952,0,"Moderate Opportunity"
"368","06013352101",0.0357612046955555,0,"High Opportunity"
"369","06013352102",0.0141583693047619,0,"High Opportunity"
"370","06013352201",-0.00528388824190476,0,"High Opportunity"
"371","06013352202",0.170799332120317,0,"Highest Opportunity"
"372","06013353001",0.234402297305397,0,"Highest Opportunity"
"373","06013353002",-0.0135399178673016,0,"Moderate Opportunity"
"374","06013354001",0.0390450677539683,0,"High Opportunity"
"375","06013354002",-0.128779622072698,0,"Moderate Opportunity"
"376","06013355107",-0.110334084931111,0,"Moderate Opportunity"
"377","06013355108",-0.109924739666349,0,"Moderate Opportunity"
"378","06013355109",-0.221453679146984,0,"Low Opportunity"
"379","06013355110",-0.0891644453212698,0,"Moderate Opportunity"
"380","06013355111",-0.215530688835238,0,"Low Opportunity"
"381","06013355112",0.187046813307936,0,"Highest Opportunity"
"382","06013355113",0.0223263466196825,0,"High Opportunity"
"383","06013355114",-0.0229915764542857,0,"Moderate Opportunity"
"384","06013355115",0.316890897867302,0,"Highest Opportunity"
"385","06013355116",0.0419949811044445,0,"High Opportunity"
"386","06013355117",0.311491566639048,0,"Highest Opportunity"
"387","06013355200",-0.201473070661905,0,"Low Opportunity"
"388","06013355301",-0.26452456480381,0,"Low Opportunity"
"389","06013355302",-0.0878353080422222,0,"Moderate Opportunity"
"390","06013355304",-0.366309242007619,0,"Low Opportunity"
"391","06013355306",-0.221630180138095,0,"Low Opportunity"
"392","06013356001",-0.0675193712219048,0,"Moderate Opportunity"
"393","06013356002",-0.0698523517907936,0,"Moderate Opportunity"
"394","06013357000",0.134761355384127,0,"Highest Opportunity"
"395","06013359102",-0.163620122986032,0,"Low Opportunity"
"396","06013359103",-0.29750127323746,0,"Low Opportunity"
"397","06013359104",-0.0304515458863492,0,"Moderate Opportunity"
"398","06013359105",-0.154769649682222,0,"Low Opportunity"
"399","06013359202",-0.299048130925397,0,"Low Opportunity"
"400","06013359203",-0.0393213249784127,0,"Moderate Opportunity"
"401","06013359204",-0.264013745912064,0,"Low Opportunity"
"402","06013360101",-0.249964052915556,0,"Low Opportunity"
"403","06013360102",0.0261566127466667,0,"High Opportunity"
"404","06013360200",-0.0513268272774603,0,"Moderate Opportunity"
"405","06013361000",-0.291148595420317,0,"Low Opportunity"
"406","06013362000",-0.270580316411429,0,"Low Opportunity"
"407","06013363000",-0.276415301528254,0,"Low Opportunity"
"408","06013364002",-0.297168965339048,0,"Low Opportunity"
"409","06013365003",0.0828445133523809,0,"High Opportunity"
"410","06013367100",0.0778161301276191,0,"High Opportunity"
"411","06013370000",-0.14698671855619,0,"Low Opportunity"
"412","06013371000",-0.253271639713968,0,"Low Opportunity"
"413","06013378000",-0.227007121297778,0,"Low Opportunity"
"414","06013380000",-0.0942785928193651,0,"Moderate Opportunity"
"415","06013383000",0.0661982649704762,0,"High Opportunity"
"416","06013384000",-0.211219471404762,0,"Low Opportunity"
"417","06013385100",-0.159231615815556,0,"Low Opportunity"
"418","06013385200",-0.151181926790159,0,"Low Opportunity"
"419","06013387000",0.0924483033622223,0,"High Opportunity"
"420","06013388000",0.153330921050794,0,"Highest Opportunity"
"421","06013389100",0.0680566579247619,0,"High Opportunity"
"422","06013389200",0.171561391565397,0,"Highest Opportunity"
"423","06013390100",0.108456181769206,0,"High Opportunity"
"424","06013390200",0.0195243036990476,0,"High Opportunity"
"425","06013391000",0.0721704985415873,0,"High Opportunity"
"426","06013392000",-0.0185576094498413,0,"Moderate Opportunity"
"427","06013392200",-0.148698202408889,0,"Low Opportunity"
"428","06013392300",-0.290004617287302,0,"Low Opportunity"
"429","06041101100",-0.16078704385619,0,"Low Opportunity"
"430","06041101200",-0.147185812818413,0,"Low Opportunity"
"431","06041102100",-0.203905825516508,0,"Low Opportunity"
"432","06041102202",-0.281818005042222,0,"Low Opportunity"
"433","06041102203",-0.175259089571111,0,"Low Opportunity"
"434","06041103100",-0.352750833870159,0,"Low Opportunity"
"435","06041103200",-0.184909368299048,0,"Low Opportunity"
"436","06041104101",-0.0967134355152381,0,"Moderate Opportunity"
"437","06041104102",-0.231734966630794,0,"Low Opportunity"
"438","06041104200",-0.110164675278413,0,"Moderate Opportunity"
"439","06041104300",0.792057360826667,0,"Highest Opportunity"
"440","06041105000",-0.407644814512063,0,"Low Opportunity"
"441","06041106001",0.364677258694286,0,"Highest Opportunity"
"442","06041106002",-0.0308966366806349,0,"Moderate Opportunity"
"443","06041107000",-0.074765109635873,0,"Moderate Opportunity"
"444","06041108100",0.107006122740317,0,"High Opportunity"
"445","06041108200",-0.044208842007619,0,"Moderate Opportunity"
"446","06041109001",0.185019762042222,0,"Highest Opportunity"
"447","06041109002",-0.0174053817076191,0,"Moderate Opportunity"
"448","06041110100",-0.28714177983619,0,"Low Opportunity"
"449","06041110200",-0.370786303079048,0,"Low Opportunity"
"450","06041111000",0.0135486861926984,0,"High Opportunity"
"451","06041113000",-0.0604294433180952,0,"Moderate Opportunity"
"452","06041114100",-0.34609815772254,0,"Low Opportunity"
"453","06041114200",-0.106947984692381,0,"Moderate Opportunity"
"454","06041115000",-0.190959053633016,0,"Low Opportunity"
"455","06041116000",-0.202712590495238,0,"Low Opportunity"
"456","06041117000",-0.07080287208,0,"Moderate Opportunity"
"457","06041118100",0.0506503078215873,0,"High Opportunity"
"458","06041119100",-0.101484579227936,0,"Moderate Opportunity"
"459","06041119201",-0.0909105800996826,0,"Moderate Opportunity"
"460","06041119202",-0.0938240271815873,0,"Moderate Opportunity"
"461","06041120000",0.0480591426171428,0,"High Opportunity"
"462","06041121100",-0.0677031596980952,0,"Moderate Opportunity"
"463","06041121200",0.0184091578590476,0,"High Opportunity"
"464","06041123000",-0.0992793511504762,0,"Moderate Opportunity"
"465","06041124100",-0.0236598710688889,0,"Moderate Opportunity"
"466","06041124200",-0.0149849200006349,0,"Moderate Opportunity"
"467","06041125000",-0.0185969630288889,0,"Moderate Opportunity"
"468","06041126100",0.0402027850339683,0,"High Opportunity"
"469","06041126200",0.324358005217778,0,"Highest Opportunity"
"470","06041127000",-0.0771530975809524,0,"Moderate Opportunity"
"471","06041128100",0.0637071454022222,0,"High Opportunity"
"472","06041128200",0.274674942237143,0,"Highest Opportunity"
"473","06041130201",0.119182529289206,0,"Highest Opportunity"
"474","06041130202",0.254808669861905,0,"Highest Opportunity"
"475","06041131100",0.0003722460638095,0,"High Opportunity"
"476","06041132100",0.248562567118413,0,"Highest Opportunity"
"477","06041132200",0.0214586171777777,0,"High Opportunity"
"478","06041133000",0.021221757384762,0,"High Opportunity"
"479","06055200201",-0.143971163328254,0,"Low Opportunity"
"480","06055200203",-0.168724735029206,0,"Low Opportunity"
"481","06055200302",-0.066776615784127,0,"Moderate Opportunity"
"482","06055200400",-0.207125097335873,0,"Low Opportunity"
"483","06055200501",-0.240703254713968,0,"Low Opportunity"
"484","06055200503",-0.365897440135556,0,"Low Opportunity"
"485","06055200504",-0.0922844692784127,0,"Moderate Opportunity"
"486","06055200505",-0.000202287282857116,0,"High Opportunity"
"487","06055200601",-0.241248060186667,0,"Low Opportunity"
"488","06055200602",-0.238356263359683,0,"Low Opportunity"
"489","06055200703",-0.231622637628254,0,"Low Opportunity"
"490","06055200705",-0.0936838592720635,0,"Moderate Opportunity"
"491","06055200706",-0.00164626502,0,"High Opportunity"
"492","06055200707",-0.125133791970476,0,"Moderate Opportunity"
"493","06055200802",-0.0861833785126985,0,"Moderate Opportunity"
"494","06055200803",-0.0404538084952381,0,"Moderate Opportunity"
"495","06055200900",-0.0342799004333333,0,"Moderate Opportunity"
"496","06055201003",-0.0737793795387302,0,"Moderate Opportunity"
"497","06055201004",-0.313035941978095,0,"Low Opportunity"
"498","06055201005",-0.356207316287302,0,"Low Opportunity"
"499","06055201006",-0.05068871546,0,"Moderate Opportunity"
"500","06055201007",0.14418539773873,0,"Highest Opportunity"
"501","06055201101",-0.127467199708889,0,"Moderate Opportunity"
"502","06055201102",0.0028610394869842,0,"High Opportunity"
"503","06055201200",0.0752937466069842,0,"High Opportunity"
"504","06055201300",-0.0759406830673016,0,"Moderate Opportunity"
"505","06055201401",0.0815667570822223,0,"High Opportunity"
"506","06055201402",-0.0467245129942857,0,"Moderate Opportunity"
"507","06055201500",0.140684955099048,0,"Highest Opportunity"
"508","06055201602",-0.0543512490206349,0,"Moderate Opportunity"
"509","06055201700",0.0724934998539683,0,"High Opportunity"
"510","06055201800",0.431271554311111,0,"Highest Opportunity"
"511","06055201900",0.0874492452504763,0,"High Opportunity"
"512","06055202000",-0.21889805478381,0,"Low Opportunity"
"513","06075010100",-0.0325419903834921,0,"Moderate Opportunity"
"514","06075010200",0.0237792805447619,0,"High Opportunity"
"515","06075010300",-0.100155888479365,0,"Moderate Opportunity"
"516","06075010400",0.300593325834286,0,"Highest Opportunity"
"517","06075010500",0.302519868417143,0,"Highest Opportunity"
"518","06075010600",0.347075745051429,0,"Highest Opportunity"
"519","06075010800",0.265310721370476,0,"Highest Opportunity"
"520","06075010900",0.120155617351111,0,"Highest Opportunity"
"521","06075011000",-0.280329128972063,0,"Low Opportunity"
"522","06075011100",-0.104389329069206,0,"Moderate Opportunity"
"523","06075011200",0.135792988702857,0,"Highest Opportunity"
"524","06075011300",0.064989103375873,0,"High Opportunity"
"525","06075011901",-0.135880595886349,0,"Low Opportunity"
"526","06075011902",0.0620423866580952,0,"High Opportunity"
"527","06075012100",0.446644979118095,0,"Highest Opportunity"
"528","06075012201",-0.11004113498,0,"Moderate Opportunity"
"529","06075012202",0.0702160947450794,0,"High Opportunity"
"530","06075012502",-0.127370667685714,0,"Moderate Opportunity"
"531","06075012601",0.199026444626349,0,"Highest Opportunity"
"532","06075012602",0.140132001459048,0,"Highest Opportunity"
"533","06075012700",0.313930689804444,0,"Highest Opportunity"
"534","06075012800",0.198786292544127,0,"Highest Opportunity"
"535","06075012901",-0.101517045045714,0,"Moderate Opportunity"
"536","06075012902",0.625601010156191,0,"Highest Opportunity"
"537","06075013000",-0.0590946075761905,0,"Moderate Opportunity"
"538","06075013101",-0.148017996557778,0,"Low Opportunity"
"539","06075013102",0.0784124719828572,0,"High Opportunity"
"540","06075013200",0.0247557663203175,0,"High Opportunity"
"541","06075013300",0.206999384967302,0,"Highest Opportunity"
"542","06075013400",-0.0775916249279365,0,"Moderate Opportunity"
"543","06075013500",0.0573267908028571,0,"High Opportunity"
"544","06075015100",-0.119449392697778,0,"Moderate Opportunity"
"545","06075015200",-0.0283637441838095,0,"Moderate Opportunity"
"546","06075015300",0.272454214698413,0,"Highest Opportunity"
"547","06075015400",-0.0401732853914286,0,"Moderate Opportunity"
"548","06075015500",0.0921852502015873,0,"High Opportunity"
"549","06075015600",0.0738031262526984,0,"High Opportunity"
"550","06075015700",0.208064008736825,0,"Highest Opportunity"
"551","06075015802",-0.000713079894603186,0,"High Opportunity"
"552","06075015900",0.00393821612666667,0,"High Opportunity"
"553","06075016000",-0.0422649697980952,0,"Moderate Opportunity"
"554","06075016200",0.169198165324127,0,"Highest Opportunity"
"555","06075016300",0.231137241937778,0,"Highest Opportunity"
"556","06075016400",-0.0691779535136508,0,"Moderate Opportunity"
"557","06075016500",0.217743623188254,0,"Highest Opportunity"
"558","06075016600",0.0934848063720635,0,"High Opportunity"
"559","06075016700",0.372432430841905,0,"Highest Opportunity"
"560","06075016801",-0.033579596404127,0,"Moderate Opportunity"
"561","06075016802",0.227800740698095,0,"Highest Opportunity"
"562","06075016900",0.015696340932381,0,"High Opportunity"
"563","06075017000",0.145671816513968,0,"Highest Opportunity"
"564","06075017101",0.0441089957196825,0,"High Opportunity"
"565","06075017102",-0.000890110884761874,0,"High Opportunity"
"566","06075017700",0.0287608471012698,0,"High Opportunity"
"567","06075017801",-0.0165140450377778,0,"Moderate Opportunity"
"568","06075018000",0.395734540189524,0,"Highest Opportunity"
"569","06075020300",0.0720910400473016,0,"High Opportunity"
"570","06075020401",-0.0996803039679365,0,"Moderate Opportunity"
"571","06075020402",0.0217431702101587,0,"High Opportunity"
"572","06075020500",0.150657295543492,0,"Highest Opportunity"
"573","06075020600",0.043654509871746,0,"High Opportunity"
"574","06075020700",-0.0315734032476191,0,"Moderate Opportunity"
"575","06075020800",-0.00270851102380951,0,"High Opportunity"
"576","06075021000",0.038548127175238,0,"High Opportunity"
"577","06075021100",0.0372130112311111,0,"High Opportunity"
"578","06075021200",0.0273820025879365,0,"High Opportunity"
"579","06075021300",0.0352478717177778,0,"High Opportunity"
"580","06075021400",0.0421686973263492,0,"High Opportunity"
"581","06075021500",0.0722080290028571,0,"High Opportunity"
"582","06075021600",0.0654409927352381,0,"High Opportunity"
"583","06075021700",-0.00422131792634922,0,"High Opportunity"
"584","06075021800",0.0041930106361905,0,"High Opportunity"
"585","06075022600",-0.248288054831111,0,"Low Opportunity"
"586","06075022702",-0.0497969149466666,0,"Moderate Opportunity"
"587","06075022704",0.0853022739819048,0,"High Opportunity"
"588","06075022801",0.0348226092146032,0,"High Opportunity"
"589","06075022802",0.137309648169206,0,"Highest Opportunity"
"590","06075022803",0.000334975951111105,0,"High Opportunity"
"591","06075022902",0.11382848976381,0,"High Opportunity"
"592","06075022903",0.0860952935739683,0,"High Opportunity"
"593","06075023001",-0.0594224628819048,0,"Moderate Opportunity"
"594","06075023003",0.0948209686784127,0,"High Opportunity"
"595","06075025100",-0.201771019807619,0,"Low Opportunity"
"596","06075025200",-0.0898681421263492,0,"Moderate Opportunity"
"597","06075025300",-0.0554080158955556,0,"Moderate Opportunity"
"598","06075025401",0.0178936509853968,0,"High Opportunity"
"599","06075025402",-0.175272523768889,0,"Low Opportunity"
"600","06075025403",-0.131650248476825,0,"Moderate Opportunity"
"601","06075025500",-0.0123725615873016,0,"Moderate Opportunity"
"602","06075025600",-0.188964350742222,0,"Low Opportunity"
"603","06075025701",-0.0542696649247619,0,"Moderate Opportunity"
"604","06075025800",0.142776158773333,0,"Highest Opportunity"
"605","06075025900",0.000891442871746018,0,"High Opportunity"
"606","06075026001",0.0303046810422222,0,"High Opportunity"
"607","06075026002",-0.243501987140952,0,"Low Opportunity"
"608","06075026003",-0.000681231831746038,0,"High Opportunity"
"609","06075026004",0.0264916103,0,"High Opportunity"
"610","06075026100",-0.127585498758095,0,"Moderate Opportunity"
"611","06075026200",-0.00254829238444445,0,"High Opportunity"
"612","06075026302",0.0438885753447619,0,"High Opportunity"
"613","06075026303",0.110758811570794,0,"High Opportunity"
"614","06075026401",0.159013461748889,0,"Highest Opportunity"
"615","06075026402",0.206203219098095,0,"Highest Opportunity"
"616","06075026403",-0.143905673793333,0,"Low Opportunity"
"617","06075026404",-0.12531246512,0,"Moderate Opportunity"
"618","06075030101",0.04302395416,0,"High Opportunity"
"619","06075030102",0.213186185510159,0,"Highest Opportunity"
"620","06075030201",0.279259060722222,0,"Highest Opportunity"
"621","06075030202",0.258275273476825,0,"Highest Opportunity"
"622","06075030301",0.12552909822127,0,"Highest Opportunity"
"623","06075030302",0.208600982301905,0,"Highest Opportunity"
"624","06075030400",0.0042084438631746,0,"High Opportunity"
"625","06075030500",0.0319439946888888,0,"High Opportunity"
"626","06075030600",-0.0492761390777778,0,"Moderate Opportunity"
"627","06075030700",0.10373137738381,0,"High Opportunity"
"628","06075030800",0.0838379628323809,0,"High Opportunity"
"629","06075030900",0.145509775748889,0,"Highest Opportunity"
"630","06075031000",0.0727931129142858,0,"High Opportunity"
"631","06075031100",0.00914805172730158,0,"High Opportunity"
"632","06075031201",-0.105126650912063,0,"Moderate Opportunity"
"633","06075031202",0.22016028288127,0,"Highest Opportunity"
"634","06075031301",-0.0739883990485714,0,"Moderate Opportunity"
"635","06075031302",-0.129090603489206,0,"Moderate Opportunity"
"636","06075031400",0.165432963006667,0,"Highest Opportunity"
"637","06075032601",0.206306245838413,0,"Highest Opportunity"
"638","06075032602",0.194594613597778,0,"Highest Opportunity"
"639","06075032700",0.163954806157143,0,"Highest Opportunity"
"640","06075032801",0.0805729206473016,0,"High Opportunity"
"641","06075032802",0.257020284590794,0,"Highest Opportunity"
"642","06075032901",0.305889162974603,0,"Highest Opportunity"
"643","06075032902",0.436709487108254,0,"Highest Opportunity"
"644","06075033000",0.0571274440365079,0,"High Opportunity"
"645","06075033100",0.0714905465590476,0,"High Opportunity"
"646","06075033201",0.0981882295539682,0,"High Opportunity"
"647","06075033204",0.0111299120815873,0,"High Opportunity"
"648","06075035100",0.15483410779619,0,"Highest Opportunity"
"649","06075035201",0.180113177267302,0,"Highest Opportunity"
"650","06075035202",0.116949767664127,0,"Highest Opportunity"
"651","06075035300",0.232719176459365,0,"Highest Opportunity"
"652","06075035400",0.539133539664444,0,"Highest Opportunity"
"653","06075040100",0.0681998313838095,0,"High Opportunity"
"654","06075040200",0.188580588951111,0,"Highest Opportunity"
"655","06075042601",0.103323101635238,0,"High Opportunity"
"656","06075042602",0.16085689399873,0,"Highest Opportunity"
"657","06075042700",0.172295603779365,0,"Highest Opportunity"
"658","06075042800",0.443554374304444,0,"Highest Opportunity"
"659","06075045100",0.155735189019683,0,"Highest Opportunity"
"660","06075045200",0.246543425529841,0,"Highest Opportunity"
"661","06075047600",0.198362574224762,0,"Highest Opportunity"
"662","06075047701",0.15256494263873,0,"Highest Opportunity"
"663","06075047702",0.290557761839365,0,"Highest Opportunity"
"664","06075047801",-0.0912667449120635,0,"Moderate Opportunity"
"665","06075047802",0.0733883089619048,0,"High Opportunity"
"666","06075047901",-0.0318065364406349,0,"Moderate Opportunity"
"667","06075047902",0.0539310009231746,0,"High Opportunity"
"668","06075060100",0.247756266476825,0,"Highest Opportunity"
"669","06075060400",-0.0804469474387302,0,"Moderate Opportunity"
"670","06075060700",-0.068154066471746,0,"Moderate Opportunity"
"671","06075061000",0.0309154385806349,0,"High Opportunity"
"672","06075061100",0.225365333640635,0,"Highest Opportunity"
"673","06075061500",0.230714465566984,0,"Highest Opportunity"
"674","06075980200",0.0239685037266667,0,"High Opportunity"
"675","06075980300",0.0473347959330159,0,"High Opportunity"
"676","06075980900",0.146188639874921,0,"Highest Opportunity"
"677","06081600100",0.0835524208971429,0,"High Opportunity"
"678","06081600200",-0.0485749543304762,0,"Moderate Opportunity"
"679","06081600300",0.0695688188193651,0,"High Opportunity"
"680","06081600401",0.108853703853651,0,"High Opportunity"
"681","06081600402",0.00886304213936507,0,"High Opportunity"
"682","06081600500",0.0312683377596825,0,"High Opportunity"
"683","06081600600",-0.07450149598,0,"Moderate Opportunity"
"684","06081600700",-0.00484304553936508,0,"High Opportunity"
"685","06081600900",-0.100041221502222,0,"Moderate Opportunity"
"686","06081601000",0.160756895340635,0,"Highest Opportunity"
"687","06081601100",-0.18084935423873,0,"Low Opportunity"
"688","06081601200",-0.0406927044273016,0,"Moderate Opportunity"
"689","06081601400",0.0604674354752381,0,"High Opportunity"
"690","06081601501",-0.100546503635556,0,"Moderate Opportunity"
"691","06081601601",0.119061527754921,0,"Highest Opportunity"
"692","06081601603",0.0752441721396825,0,"High Opportunity"
"693","06081601604",-0.0365719301733333,0,"Moderate Opportunity"
"694","06081601605",-0.0788191943860317,0,"Moderate Opportunity"
"695","06081601700",-0.139507612411111,0,"Low Opportunity"
"696","06081601800",-0.0843106388657143,0,"Moderate Opportunity"
"697","06081601901",-0.205391639992064,0,"Low Opportunity"
"698","06081601902",0.0499128274974603,0,"High Opportunity"
"699","06081602000",-0.0623197322669841,0,"Moderate Opportunity"
"700","06081602400",-0.165520994110794,0,"Low Opportunity"
"701","06081602500",0.142388873152698,0,"Highest Opportunity"
"702","06081602600",0.421329814085397,0,"Highest Opportunity"
"703","06081602700",0.334147387224762,0,"Highest Opportunity"
"704","06081602800",0.0970275533193651,0,"High Opportunity"
"705","06081602900",-0.104751630146032,0,"Moderate Opportunity"
"706","06081603000",-0.136863301607937,0,"Low Opportunity"
"707","06081603100",-0.00905646205492063,0,"High Opportunity"
"708","06081603200",-0.191898181679365,0,"Low Opportunity"
"709","06081603300",-0.117151245127619,0,"Moderate Opportunity"
"710","06081603400",-0.101902667489524,0,"Moderate Opportunity"
"711","06081603700",-0.194908242169841,0,"Low Opportunity"
"712","06081603801",-0.0837537114952381,0,"Moderate Opportunity"
"713","06081603802",-0.0535754936269841,0,"Moderate Opportunity"
"714","06081603900",-0.212605246913651,0,"Low Opportunity"
"715","06081604000",0.0719235662492063,0,"High Opportunity"
"716","06081604102",0.104078841883492,0,"High Opportunity"
"717","06081604200",-0.00578003812857146,0,"High Opportunity"
"718","06081604400",0.0136709775666667,0,"High Opportunity"
"719","06081604500",-0.0138994197066666,0,"Moderate Opportunity"
"720","06081604600",0.0273185031911111,0,"High Opportunity"
"721","06081604700",-0.112294260755873,0,"Moderate Opportunity"
"722","06081604800",0.156098712818413,0,"Highest Opportunity"
"723","06081604900",0.00794718594222221,0,"High Opportunity"
"724","06081605000",0.156663612413968,0,"Highest Opportunity"
"725","06081605100",0.125625002712381,0,"Highest Opportunity"
"726","06081605200",0.00928921283746034,0,"High Opportunity"
"727","06081605300",-0.0519269864463492,0,"Moderate Opportunity"
"728","06081605400",0.000328327358412717,0,"High Opportunity"
"729","06081605500",0.538604221674921,0,"Highest Opportunity"
"730","06081605600",0.124968313586667,0,"Highest Opportunity"
"731","06081605700",0.0392018775473016,0,"High Opportunity"
"732","06081605800",-0.0382353091546032,0,"Moderate Opportunity"
"733","06081605900",-0.0346776885431746,0,"Moderate Opportunity"
"734","06081606100",-0.0571134307355556,0,"Moderate Opportunity"
"735","06081606300",-0.222077497767937,0,"Low Opportunity"
"736","06081606400",0.089083486551746,0,"High Opportunity"
"737","06081606500",-0.211968492144444,0,"Low Opportunity"
"738","06081606600",0.0670881624869841,0,"High Opportunity"
"739","06081606700",-0.0198823511514286,0,"Moderate Opportunity"
"740","06081606800",-0.122624477037143,0,"Moderate Opportunity"
"741","06081606900",0.0195886956231746,0,"High Opportunity"
"742","06081607000",0.152944192155873,0,"Highest Opportunity"
"743","06081607100",-0.0410269285942857,0,"Moderate Opportunity"
"744","06081607200",-0.146701713272698,0,"Low Opportunity"
"745","06081607300",0.182088590793333,0,"Highest Opportunity"
"746","06081607400",-0.111174537310794,0,"Moderate Opportunity"
"747","06081607500",0.238979099177778,0,"Highest Opportunity"
"748","06081607600",-0.150767171672064,0,"Low Opportunity"
"749","06081607701",-0.0908374695631746,0,"Moderate Opportunity"
"750","06081607702",-0.166475599606667,0,"Low Opportunity"
"751","06081607800",0.0690927007266667,0,"High Opportunity"
"752","06081607900",0.107693895931746,0,"High Opportunity"
"753","06081608001",-0.00989108773111111,0,"Moderate Opportunity"
"754","06081608002",-0.122566080350476,0,"Moderate Opportunity"
"755","06081608004",0.0039086884780952,0,"High Opportunity"
"756","06081608013",0.200361685547302,0,"Highest Opportunity"
"757","06081608023",0.0961665262942857,0,"High Opportunity"
"758","06081608100",0.0936864917657143,0,"High Opportunity"
"759","06081608200",0.0549803601374603,0,"High Opportunity"
"760","06081608300",0.18982555082381,0,"Highest Opportunity"
"761","06081608400",0.0718557941438095,0,"High Opportunity"
"762","06081608501",-0.0601695722885714,0,"Moderate Opportunity"
"763","06081608502",-0.00129799032952382,0,"High Opportunity"
"764","06081608600",-0.136176921575873,0,"Low Opportunity"
"765","06081608700",-0.116560937961587,0,"Moderate Opportunity"
"766","06081608800",-0.0705152698771429,0,"Moderate Opportunity"
"767","06081608900",0.0122528601276191,0,"High Opportunity"
"768","06081609000",-0.043072129748254,0,"Moderate Opportunity"
"769","06081609100",-0.139813664255238,0,"Low Opportunity"
"770","06081609201",0.22945351108127,0,"Highest Opportunity"
"771","06081609202",0.130735575016825,0,"Highest Opportunity"
"772","06081609300",0.19858983205746,0,"Highest Opportunity"
"773","06081609400",0.0141527176352381,0,"High Opportunity"
"774","06081609500",-0.0545379406787301,0,"Moderate Opportunity"
"775","06081609601",-0.0426011135977778,0,"Moderate Opportunity"
"776","06081609602",0.209929750553968,0,"Highest Opportunity"
"777","06081609603",-0.0312506414771428,0,"Moderate Opportunity"
"778","06081609700",0.0570903435412699,0,"High Opportunity"
"779","06081609800",-0.0990289706625397,0,"Moderate Opportunity"
"780","06081609900",-0.127049795703492,0,"Moderate Opportunity"
"781","06081610000",0.11649683206381,0,"Highest Opportunity"
"782","06081610100",0.0842713110625397,0,"High Opportunity"
"783","06081610303",0.026205569648254,0,"High Opportunity"
"784","06081610304",0.0661899131320635,0,"High Opportunity"
"785","06081610602",-0.0224477395520635,0,"Moderate Opportunity"
"786","06081610700",-0.158209960412063,0,"Low Opportunity"
"787","06081611000",-0.016990347188254,0,"Moderate Opportunity"
"788","06081611100",-0.191625153306984,0,"Low Opportunity"
"789","06081611200",-0.157212061046667,0,"Low Opportunity"
"790","06081611300",-0.103670376062857,0,"Moderate Opportunity"
"791","06081611400",0.0221718359507936,0,"High Opportunity"
"792","06081611500",0.150351980693016,0,"Highest Opportunity"
"793","06081611600",0.156912680094921,0,"Highest Opportunity"
"794","06081612500",-0.00606383843492062,0,"High Opportunity"
"795","06081612600",0.133861991660635,0,"Highest Opportunity"
"796","06081612700",0.0607116034285714,0,"High Opportunity"
"797","06081612800",-0.0294144315158731,0,"Moderate Opportunity"
"798","06081612900",-0.0955569825136508,0,"Moderate Opportunity"
"799","06081613000",0.0836419345250794,0,"High Opportunity"
"800","06081613200",0.101066462268571,0,"High Opportunity"
"801","06081613300",0.228553929508572,0,"Highest Opportunity"
"802","06081613400",0.344406145630476,0,"Highest Opportunity"
"803","06081613501",-0.238313310839365,0,"Low Opportunity"
"804","06081613502",-0.282484670278413,0,"Low Opportunity"
"805","06081613600",0.0371916114428571,0,"High Opportunity"
"806","06081613700",-0.00710809274380952,0,"High Opportunity"
"807","06081613800",0.588139500458413,0,"Highest Opportunity"
"808","06081613900",0.298799536807936,0,"Highest Opportunity"
"809","06081614000",-0.158406902960952,0,"Low Opportunity"
"810","06081984300",-0.0180493015733333,0,"Moderate Opportunity"
"811","06085500100",-0.110122218718413,0,"Moderate Opportunity"
"812","06085500200",-0.0750221724187301,0,"Moderate Opportunity"
"813","06085500300",0.210530223395873,0,"Highest Opportunity"
"814","06085500400",-0.0278340600838095,0,"Moderate Opportunity"
"815","06085500500",0.0246136807904762,0,"High Opportunity"
"816","06085500600",0.0492347906936508,0,"High Opportunity"
"817","06085500800",0.197763890944762,0,"Highest Opportunity"
"818","06085501101",0.114678356576508,0,"High Opportunity"
"819","06085501102",0.131668750774603,0,"Highest Opportunity"
"820","06085501300",0.0720975700530159,0,"High Opportunity"
"821","06085501800",0.24961737597873,0,"Highest Opportunity"
"822","06085501900",0.0735336534898413,0,"High Opportunity"
"823","06085502101",0.00447176484920633,0,"High Opportunity"
"824","06085502201",0.00309796970349206,0,"High Opportunity"
"825","06085502202",-0.103643845258095,0,"Moderate Opportunity"
"826","06085502301",-0.00313789443174602,0,"High Opportunity"
"827","06085502302",0.14527962176254,0,"Highest Opportunity"
"828","06085502400",0.109751141930794,0,"High Opportunity"
"829","06085502500",-0.151076555306349,0,"Low Opportunity"
"830","06085502601",-0.125400824818095,0,"Moderate Opportunity"
"831","06085502603",-0.028223228615873,0,"Moderate Opportunity"
"832","06085502604",-0.171246567859365,0,"Low Opportunity"
"833","06085502701",-0.0586719091460318,0,"Moderate Opportunity"
"834","06085502702",0.00428007086000002,0,"High Opportunity"
"835","06085502800",-0.0709717124622222,0,"Moderate Opportunity"
"836","06085502901",0.0972635804015873,0,"High Opportunity"
"837","06085502902",0.197503278091111,0,"Highest Opportunity"
"838","06085502903",0.0961401856152381,0,"High Opportunity"
"839","06085502906",-0.00532005599619049,0,"High Opportunity"
"840","06085502907",0.200270080977778,0,"Highest Opportunity"
"841","06085502908",-0.151681047380635,0,"Low Opportunity"
"842","06085502909",0.0361216746507937,0,"High Opportunity"
"843","06085502910",-0.201905797370159,0,"Low Opportunity"
"844","06085503001",0.0618813930038095,0,"High Opportunity"
"845","06085503002",0.0985257877285714,0,"High Opportunity"
"846","06085503003",-0.0496406713152381,0,"Moderate Opportunity"
"847","06085503108",-0.0508055636857143,0,"Moderate Opportunity"
"848","06085503111",0.135040440194921,0,"Highest Opportunity"
"849","06085503115",-0.17204780578,0,"Low Opportunity"
"850","06085503116",0.0814472760320635,0,"High Opportunity"
"851","06085503123",0.0702174872790476,0,"High Opportunity"
"852","06085503207",0.385834196951429,0,"Highest Opportunity"
"853","06085503208",-0.0789117369463492,0,"Moderate Opportunity"
"854","06085503210",0.419663694054286,0,"Highest Opportunity"
"855","06085503211",0.107315464244762,0,"High Opportunity"
"856","06085503212",0.221156914,0,"Highest Opportunity"
"857","06085503304",-0.309579983027302,0,"Low Opportunity"
"858","06085503305",-0.308211355046984,0,"Low Opportunity"
"859","06085503312",-0.18666710817873,0,"Low Opportunity"
"860","06085503313",0.151382496039683,0,"Highest Opportunity"
"861","06085503315",-0.163553183190794,0,"Low Opportunity"
"862","06085503321",-0.207170387988571,0,"Low Opportunity"
"863","06085503322",-0.188030111808571,0,"Low Opportunity"
"864","06085503323",-0.367084952649206,0,"Low Opportunity"
"865","06085503324",-0.185221727467302,0,"Low Opportunity"
"866","06085503325",-0.156296674050476,0,"Low Opportunity"
"867","06085503326",-0.128520222194921,0,"Moderate Opportunity"
"868","06085503327",0.0406982628695238,0,"High Opportunity"
"869","06085503329",0.163562461826349,0,"Highest Opportunity"
"870","06085503330",0.0564986246238095,0,"High Opportunity"
"871","06085503331",-0.186273440100635,0,"Low Opportunity"
"872","06085503332",0.077544766844127,0,"High Opportunity"
"873","06085503333",-0.0428149829650794,0,"Moderate Opportunity"
"874","06085503334",-0.0826540080171429,0,"Moderate Opportunity"
"875","06085503336",-0.112493961667619,0,"Moderate Opportunity"
"876","06085503337",-0.118802414424444,0,"Moderate Opportunity"
"877","06085503507",-0.100323936647302,0,"Moderate Opportunity"
"878","06085503511",-0.0420167370374603,0,"Moderate Opportunity"
"879","06085503601",-0.0886914841015873,0,"Moderate Opportunity"
"880","06085503707",-0.131821370366984,0,"Low Opportunity"
"881","06085503708",-0.0809004202355555,0,"Moderate Opportunity"
"882","06085503802",-0.0580761450952381,0,"Moderate Opportunity"
"883","06085503803",-0.139840651599365,0,"Low Opportunity"
"884","06085503804",-0.377128604360952,0,"Low Opportunity"
"885","06085503902",-0.0428205668730159,0,"Moderate Opportunity"
"886","06085504002",-0.0299651504063492,0,"Moderate Opportunity"
"887","06085504201",-0.131078521637143,0,"Moderate Opportunity"
"888","06085504202",-0.225534030043492,0,"Low Opportunity"
"889","06085504307",0.0500091934336508,0,"High Opportunity"
"890","06085504308",-0.0767801265104762,0,"Moderate Opportunity"
"891","06085504311",-0.130743524020317,0,"Moderate Opportunity"
"892","06085504314",0.260158351152381,0,"Highest Opportunity"
"893","06085504315",0.121808105679048,0,"Highest Opportunity"
"894","06085504316",0.621080501227302,0,"Highest Opportunity"
"895","06085504317",0.240646113540635,0,"Highest Opportunity"
"896","06085504318",-0.217281742282857,0,"Low Opportunity"
"897","06085504319",0.280354217855873,0,"Highest Opportunity"
"898","06085504320",0.326262248117143,0,"Highest Opportunity"
"899","06085504321",0.288557971400317,0,"Highest Opportunity"
"900","06085504322",-0.0872590954736508,0,"Moderate Opportunity"
"901","06085504323",0.129622636387937,0,"Highest Opportunity"
"902","06085504410",-0.0808991586247619,0,"Moderate Opportunity"
"903","06085504411",-0.0416234971673016,0,"Moderate Opportunity"
"904","06085504412",-0.0164332760568254,0,"Moderate Opportunity"
"905","06085504413",-0.0520659218019048,0,"Moderate Opportunity"
"906","06085504414",0.0937606413606349,0,"High Opportunity"
"907","06085504415",0.258516156962857,0,"Highest Opportunity"
"908","06085504416",-0.0385984519526984,0,"Moderate Opportunity"
"909","06085504418",-0.0703503443923809,0,"Moderate Opportunity"
"910","06085504420",-0.114442522908571,0,"Moderate Opportunity"
"911","06085504421",-0.0310230330625397,0,"Moderate Opportunity"
"912","06085504422",0.0932435080466667,0,"High Opportunity"
"913","06085504423",-0.0345982238555556,0,"Moderate Opportunity"
"914","06085504504",0.461046735329524,0,"Highest Opportunity"
"915","06085504505",0.0150629055806349,0,"High Opportunity"
"916","06085504506",-0.0160576386139683,0,"Moderate Opportunity"
"917","06085504507",0.258814526380317,0,"Highest Opportunity"
"918","06085504601",0.115180678907937,0,"Highest Opportunity"
"919","06085504602",0.0646801217685714,0,"High Opportunity"
"920","06085504700",0.116543707581587,0,"Highest Opportunity"
"921","06085504802",-0.14960463562127,0,"Low Opportunity"
"922","06085504803",0.0535320296050794,0,"High Opportunity"
"923","06085504805",-0.0378948999609524,0,"Moderate Opportunity"
"924","06085504806",-0.0206884902174603,0,"Moderate Opportunity"
"925","06085504901",0.220481032973333,0,"Highest Opportunity"
"926","06085505001",0.174043236102857,0,"Highest Opportunity"
"927","06085505006",0.187792978680635,0,"Highest Opportunity"
"928","06085505007",0.250264513814286,0,"Highest Opportunity"
"929","06085505008",0.39532996104127,0,"Highest Opportunity"
"930","06085505009",0.14158677113746,0,"Highest Opportunity"
"931","06085505203",0.00841552292634922,0,"High Opportunity"
"932","06085505301",0.139680352504762,0,"Highest Opportunity"
"933","06085505302",0.0654885304111111,0,"High Opportunity"
"934","06085505303",0.00446635216857143,0,"High Opportunity"
"935","06085505304",0.102882756147619,0,"High Opportunity"
"936","06085505305",-0.0269473030619048,0,"Moderate Opportunity"
"937","06085505401",0.154265181959048,0,"Highest Opportunity"
"938","06085505402",0.0123090887631746,0,"High Opportunity"
"939","06085505403",-0.0133765284209524,0,"Moderate Opportunity"
"940","06085505500",-0.0430391527120635,0,"Moderate Opportunity"
"941","06085505800",0.0469478855025397,0,"High Opportunity"
"942","06085505900",0.102190785275556,0,"High Opportunity"
"943","06085506000",0.336442321914286,0,"Highest Opportunity"
"944","06085506101",0.0687543673638095,0,"High Opportunity"
"945","06085506102",0.0905336806815873,0,"High Opportunity"
"946","06085506103",0.0283604839901587,0,"High Opportunity"
"947","06085506202",-0.0892991281126984,0,"Moderate Opportunity"
"948","06085506203",0.140891956866032,0,"Highest Opportunity"
"949","06085506204",-0.0794947514923809,0,"Moderate Opportunity"
"950","06085506301",-0.140435000593333,0,"Low Opportunity"
"951","06085506302",-0.0661655229133334,0,"Moderate Opportunity"
"952","06085506304",0.21579228306,0,"Highest Opportunity"
"953","06085506305",0.011300766111746,0,"High Opportunity"
"954","06085506401",0.209354139175556,0,"Highest Opportunity"
"955","06085506402",-0.0830590682447619,0,"Moderate Opportunity"
"956","06085506502",-0.128888989217778,0,"Moderate Opportunity"
"957","06085506503",0.447207095436825,0,"Highest Opportunity"
"958","06085506601",0.0326259769584127,0,"High Opportunity"
"959","06085506603",0.16606919674254,0,"Highest Opportunity"
"960","06085506604",0.0135765683304762,0,"High Opportunity"
"961","06085506605",0.13824399632127,0,"Highest Opportunity"
"962","06085506606",0.196177539125397,0,"Highest Opportunity"
"963","06085506701",0.429940882308254,0,"Highest Opportunity"
"964","06085506702",0.381098223477143,0,"Highest Opportunity"
"965","06085506703",0.500111124469206,0,"Highest Opportunity"
"966","06085506801",0.111317732931429,0,"High Opportunity"
"967","06085506802",0.00453465404666671,0,"High Opportunity"
"968","06085506803",-0.066975634144762,0,"Moderate Opportunity"
"969","06085506804",0.0666188153126984,0,"High Opportunity"
"970","06085506900",0.0438776080850793,0,"High Opportunity"
"971","06085507001",0.138880682351429,0,"Highest Opportunity"
"972","06085507002",0.0818565019349207,0,"High Opportunity"
"973","06085507100",0.065195753172381,0,"High Opportunity"
"974","06085507203",0.178222652026667,0,"Highest Opportunity"
"975","06085507205",0.101123181564444,0,"High Opportunity"
"976","06085507206",0.0495279121330159,0,"High Opportunity"
"977","06085507301",0.570266022945079,0,"Highest Opportunity"
"978","06085507302",0.22352182613746,0,"Highest Opportunity"
"979","06085507401",0.0414212926263492,0,"High Opportunity"
"980","06085507402",0.0222846596133333,0,"High Opportunity"
"981","06085507500",0.174185488705714,0,"Highest Opportunity"
"982","06085507600",0.270185495096825,0,"Highest Opportunity"
"983","06085507701",0.0465992321926984,0,"High Opportunity"
"984","06085507702",0.00130748586634919,0,"High Opportunity"
"985","06085507703",0.32705821648,0,"Highest Opportunity"
"986","06085507805",0.200760633486032,0,"Highest Opportunity"
"987","06085507806",0.123730360558413,0,"Highest Opportunity"
"988","06085507807",0.330858858207619,0,"Highest Opportunity"
"989","06085507808",0.0666241203860317,0,"High Opportunity"
"990","06085507903",0.314370573449524,0,"Highest Opportunity"
"991","06085507904",0.0780823187869842,0,"High Opportunity"
"992","06085507905",0.157616068334286,0,"Highest Opportunity"
"993","06085507906",0.206096689362222,0,"Highest Opportunity"
"994","06085508001",0.0671550549412698,0,"High Opportunity"
"995","06085508003",0.0422203327492063,0,"High Opportunity"
"996","06085508004",-0.00177263556984126,0,"High Opportunity"
"997","06085508101",0.0264496928453969,0,"High Opportunity"
"998","06085508102",0.126890292894286,0,"Highest Opportunity"
"999","06085508202",0.0821243019473016,0,"High Opportunity"
"1000","06085508203",0.0588936470761905,0,"High Opportunity"
"1001","06085508204",0.0618541653263493,0,"High Opportunity"
"1002","06085508301",0.0905532857961904,0,"High Opportunity"
"1003","06085508303",-0.0291975794279366,0,"Moderate Opportunity"
"1004","06085508304",0.17687234015619,0,"Highest Opportunity"
"1005","06085508401",0.0337655031711111,0,"High Opportunity"
"1006","06085508403",-0.0254216659063492,0,"Moderate Opportunity"
"1007","06085508404",0.142359836733016,0,"Highest Opportunity"
"1008","06085508503",-0.128435525410476,0,"Moderate Opportunity"
"1009","06085508504",0.11561669148381,0,"Highest Opportunity"
"1010","06085508505",0.200993424759683,0,"Highest Opportunity"
"1011","06085508507",0.137169133180635,0,"Highest Opportunity"
"1012","06085508508",0.428125061602222,0,"Highest Opportunity"
"1013","06085508601",0.263913177214286,0,"Highest Opportunity"
"1014","06085508602",0.274126344200317,0,"Highest Opportunity"
"1015","06085508703",0.254189857667619,0,"Highest Opportunity"
"1016","06085508704",-0.111658240597778,0,"Moderate Opportunity"
"1017","06085508800",-0.0566004694450794,0,"Moderate Opportunity"
"1018","06085508900",-0.0739897126003175,0,"Moderate Opportunity"
"1019","06085509000",0.204228719459683,0,"Highest Opportunity"
"1020","06085509102",0.124397563099365,0,"Highest Opportunity"
"1021","06085509105",0.845851984018413,0,"Highest Opportunity"
"1022","06085509106",0.169436336683175,0,"Highest Opportunity"
"1023","06085509107",-0.0206095510530159,0,"Moderate Opportunity"
"1024","06085509108",0.134142583563492,0,"Highest Opportunity"
"1025","06085509109",0.15432353619873,0,"Highest Opportunity"
"1026","06085509201",0.180105609973333,0,"Highest Opportunity"
"1027","06085509202",0.264279524419048,0,"Highest Opportunity"
"1028","06085509302",0.123960863107936,0,"Highest Opportunity"
"1029","06085509303",0.368376153226667,0,"Highest Opportunity"
"1030","06085509304",0.140371193633016,0,"Highest Opportunity"
"1031","06085509401",0.205106798191429,0,"Highest Opportunity"
"1032","06085509403",0.306092305631746,0,"Highest Opportunity"
"1033","06085509404",0.103174184562857,0,"High Opportunity"
"1034","06085509500",0.373693422007619,0,"Highest Opportunity"
"1035","06085509600",0.239557544694921,0,"Highest Opportunity"
"1036","06085509700",0.276588860830794,0,"Highest Opportunity"
"1037","06085509801",0.197863883158413,0,"Highest Opportunity"
"1038","06085509802",0.192160911424762,0,"Highest Opportunity"
"1039","06085509901",0.134071084815556,0,"Highest Opportunity"
"1040","06085509902",0.153554124613333,0,"Highest Opportunity"
"1041","06085510001",0.0327602393374604,0,"High Opportunity"
"1042","06085510002",0.406024937526984,0,"Highest Opportunity"
"1043","06085510100",0.389239943203492,0,"Highest Opportunity"
"1044","06085510200",0.2064102763,0,"Highest Opportunity"
"1045","06085510300",0.403475236574286,0,"Highest Opportunity"
"1046","06085510400",0.283840344981905,0,"Highest Opportunity"
"1047","06085510500",0.256811017653016,0,"Highest Opportunity"
"1048","06085510600",0.442752743637143,0,"Highest Opportunity"
"1049","06085510700",0.206721142852381,0,"Highest Opportunity"
"1050","06085510801",0.28746698576254,0,"Highest Opportunity"
"1051","06085510802",0.122290017001587,0,"Highest Opportunity"
"1052","06085510803",0.578387688513333,0,"Highest Opportunity"
"1053","06085510900",0.532675014033968,0,"Highest Opportunity"
"1054","06085511000",0.58002405034,0,"Highest Opportunity"
"1055","06085511100",0.453466223587619,0,"Highest Opportunity"
"1056","06085511200",0.397825620546349,0,"Highest Opportunity"
"1057","06085511301",0.528626280321587,0,"Highest Opportunity"
"1058","06085511302",0.285463364061905,0,"Highest Opportunity"
"1059","06085511400",0.607891898530159,0,"Highest Opportunity"
"1060","06085511500",0.222309357910159,0,"Highest Opportunity"
"1061","06085511609",0.301463865627302,0,"Highest Opportunity"
"1062","06085511701",0.246500674598413,0,"Highest Opportunity"
"1063","06085511702",0.138695783066984,0,"Highest Opportunity"
"1064","06085511704",0.223663926155238,0,"Highest Opportunity"
"1065","06085511705",0.296380509465714,0,"Highest Opportunity"
"1066","06085511707",0.554510894779683,0,"Highest Opportunity"
"1067","06085511800",0.0623801694352381,0,"High Opportunity"
"1068","06085511905",-0.00150209505111119,0,"High Opportunity"
"1069","06085511907",-0.125780423925397,0,"Moderate Opportunity"
"1070","06085511909",-0.0346835928555555,0,"Moderate Opportunity"
"1071","06085511910",0.0772569348660317,0,"High Opportunity"
"1072","06085511911",-0.0272361183492063,0,"Moderate Opportunity"
"1073","06085511912",-0.0505772509936508,0,"Moderate Opportunity"
"1074","06085511913",-0.0449575057298413,0,"Moderate Opportunity"
"1075","06085511914",0.316327150602857,0,"Highest Opportunity"
"1076","06085511916",-0.0723005568253968,0,"Moderate Opportunity"
"1077","06085512001",-0.253539834333333,0,"Low Opportunity"
"1078","06085512005",0.226226840195556,0,"Highest Opportunity"
"1079","06085512017",-0.0633145219511111,0,"Moderate Opportunity"
"1080","06085512019",-0.0610685497533333,0,"Moderate Opportunity"
"1081","06085512020",0.30465703426381,0,"Highest Opportunity"
"1082","06085512021",-0.0999953146028571,0,"Moderate Opportunity"
"1083","06085512022",0.253779530026984,0,"Highest Opportunity"
"1084","06085512023",-0.025551274308254,0,"Moderate Opportunity"
"1085","06085512024",-0.0521552437526984,0,"Moderate Opportunity"
"1086","06085512025",-0.00230140361428571,0,"High Opportunity"
"1087","06085512026",-0.214403591239365,0,"Low Opportunity"
"1088","06085512027",0.100438432527619,0,"High Opportunity"
"1089","06085512029",-0.267393822427936,0,"Low Opportunity"
"1090","06085512030",-0.239706755715873,0,"Low Opportunity"
"1091","06085512031",-0.220594527297143,0,"Low Opportunity"
"1092","06085512032",-0.133311630406349,0,"Low Opportunity"
"1093","06085512033",-0.21333399007619,0,"Low Opportunity"
"1094","06085512034",-0.23331645575873,0,"Low Opportunity"
"1095","06085512035",-0.27533053576254,0,"Low Opportunity"
"1096","06085512036",-0.167609894720952,0,"Low Opportunity"
"1097","06085512037",-0.357281386193968,0,"Low Opportunity"
"1098","06085512038",-0.210061914018095,0,"Low Opportunity"
"1099","06085512039",-0.128242652546349,0,"Moderate Opportunity"
"1100","06085512042",-0.100082907548889,0,"Moderate Opportunity"
"1101","06085512045",-0.252317501507619,0,"Low Opportunity"
"1102","06085512047",-0.0125493237863492,0,"Moderate Opportunity"
"1103","06085512052",-0.0160355839088889,0,"Moderate Opportunity"
"1104","06085512053",0.255811434851111,0,"Highest Opportunity"
"1105","06085512100",-0.0103737362955556,0,"Moderate Opportunity"
"1106","06085512200",0.341912674983809,0,"Highest Opportunity"
"1107","06085512305",0.0174955180790477,0,"High Opportunity"
"1108","06085512307",-0.366953428728254,0,"Low Opportunity"
"1109","06085512308",-0.0601640010695238,0,"Moderate Opportunity"
"1110","06085512309",-0.271889386289524,0,"Low Opportunity"
"1111","06085512311",-0.191535024328571,0,"Low Opportunity"
"1112","06085512312",0.0315277235130159,0,"High Opportunity"
"1113","06085512313",-0.183851087454286,0,"Low Opportunity"
"1114","06085512314",-0.170718486379683,0,"Low Opportunity"
"1115","06085512401",-0.0963471206812699,0,"Moderate Opportunity"
"1116","06085512402",-0.152216570954286,0,"Low Opportunity"
"1117","06085512503",-0.144539543703492,0,"Low Opportunity"
"1118","06085512509",-0.170414471415556,0,"Low Opportunity"
"1119","06085512510",0.100908343547302,0,"High Opportunity"
"1120","06085512602",0.159411501945397,0,"Highest Opportunity"
"1121","06085513000",0.49295837792,0,"Highest Opportunity"
"1122","06085513500",1.18097337296063,0,"Highest Opportunity"
"1123","06095250103",-0.157508031919683,0,"Low Opportunity"
"1124","06095250104",-0.00119118551460324,0,"High Opportunity"
"1125","06095250105",0.0823572533511111,0,"High Opportunity"
"1126","06095250106",-0.194986270892698,0,"Low Opportunity"
"1127","06095250502",-0.445549382997778,0,"Low Opportunity"
"1128","06095250601",-0.479384510051111,0,"Low Opportunity"
"1129","06095250604",-0.134896874975556,0,"Low Opportunity"
"1130","06095250605",-0.224926647195873,0,"Low Opportunity"
"1131","06095251300",0.0678472703511111,0,"High Opportunity"
"1132","06095251400",-0.26282689890254,0,"Low Opportunity"
"1133","06095251702",-0.387826728726032,0,"Low Opportunity"
"1134","06095251902",-0.0853199358384127,0,"Moderate Opportunity"
"1135","06095252000",0.0493699324463492,0,"High Opportunity"
"1136","06095252102",-0.177132875275556,0,"Low Opportunity"
"1137","06095252103",-0.366981830242857,0,"Low Opportunity"
"1138","06095252104",-0.125764791726349,0,"Moderate Opportunity"
"1139","06095252105",0.112211403384762,0,"High Opportunity"
"1140","06095252106",-0.0834974670714286,0,"Moderate Opportunity"
"1141","06095252107",-0.229004153650476,0,"Low Opportunity"
"1142","06095252108",0.0463326622698413,0,"High Opportunity"
"1143","06095252201",-0.12528914673746,0,"Moderate Opportunity"
"1144","06095252202",-0.00967363102603176,0,"Moderate Opportunity"
"1145","06095252305",-0.424390480328889,0,"Low Opportunity"
"1146","06095252306",-0.235880379804762,0,"Low Opportunity"
"1147","06095252310",0.0199909208987302,0,"High Opportunity"
"1148","06095252311",-0.245050701442857,0,"Low Opportunity"
"1149","06095252312",-0.28702957305619,0,"Low Opportunity"
"1150","06095252313",0.0720358838155555,0,"High Opportunity"
"1151","06095252314",-0.286902539164762,0,"Low Opportunity"
"1152","06095252315",-0.358300945235873,0,"Low Opportunity"
"1153","06095252316",-0.0557741341993651,0,"Moderate Opportunity"
"1154","06095252317",-0.138938976225397,0,"Low Opportunity"
"1155","06095252401",-0.14622048055746,0,"Low Opportunity"
"1156","06095252610",-0.0582827907269841,0,"Moderate Opportunity"
"1157","06095252702",-0.173035320050159,0,"Low Opportunity"
"1158","06095252705",0.167789985856508,0,"Highest Opportunity"
"1159","06095252706",0.0314098827892063,0,"High Opportunity"
"1160","06095252801",-0.056567036067619,0,"Moderate Opportunity"
"1161","06095252802",0.0043332929904762,0,"High Opportunity"
"1162","06095252903",0.129918640386032,0,"Highest Opportunity"
"1163","06095252904",-0.105262031454603,0,"Moderate Opportunity"
"1164","06095252908",-0.0319506447609524,0,"Moderate Opportunity"
"1165","06095252909",-0.213818224115873,0,"Low Opportunity"
"1166","06095252910",-0.0921527517009524,0,"Moderate Opportunity"
"1167","06095252911",-0.331782608474603,0,"Low Opportunity"
"1168","06095252912",-0.199072084036508,0,"Low Opportunity"
"1169","06095252913",-0.215859316600952,0,"Low Opportunity"
"1170","06095252914",0.0841511432761905,0,"High Opportunity"
"1171","06095252915",-0.127469270967619,0,"Moderate Opportunity"
"1172","06095253000",0.133659492748571,0,"Highest Opportunity"
"1173","06095253101",-0.121162822220317,0,"Moderate Opportunity"
"1174","06095253106",-0.225271771187936,0,"Low Opportunity"
"1175","06095253108",-0.207638885535873,0,"Low Opportunity"
"1176","06095253201",-0.20585219349873,0,"Low Opportunity"
"1177","06095253204",-0.295918206730159,0,"Low Opportunity"
"1178","06095253205",-0.217743313246984,0,"Low Opportunity"
"1179","06095253206",-0.257532936380952,0,"Low Opportunity"
"1180","06095253300",0.176646957967302,0,"Highest Opportunity"
"1181","06095253402",-0.420353323802857,0,"Low Opportunity"
"1182","06095253403",-0.224934428353968,0,"Low Opportunity"
"1183","06095253500",0.022836435457143,0,"High Opportunity"
"1184","06095980000",0.0492683369809524,0,"High Opportunity"
"1185","06097150100",0.130511210019682,0,"Highest Opportunity"
"1186","06097150202",-0.234183331931429,0,"Low Opportunity"
"1187","06097150203",0.00550960442476192,0,"High Opportunity"
"1188","06097150204",-0.253337295275238,0,"Low Opportunity"
"1189","06097150303",-0.0462605179673016,0,"Moderate Opportunity"
"1190","06097150304",-0.214480282805714,0,"Low Opportunity"
"1191","06097150500",-0.0860500061863491,0,"Moderate Opportunity"
"1192","06097150601",-0.330851206670794,0,"Low Opportunity"
"1193","06097150602",-0.46967307938,0,"Low Opportunity"
"1194","06097150603",-0.254128762769524,0,"Low Opportunity"
"1195","06097150607",-0.522371990310476,0,"Low Opportunity"
"1196","06097150609",-0.536381626191746,0,"Low Opportunity"
"1197","06097150610",-0.563833535451111,0,"Low Opportunity"
"1198","06097150611",-0.757278451804762,0,"Low Opportunity"
"1199","06097150612",-0.173820739891111,0,"Low Opportunity"
"1200","06097150701",-0.11807425710127,0,"Moderate Opportunity"
"1201","06097150702",-0.0250791821012698,0,"Moderate Opportunity"
"1202","06097150800",-0.0018037332342857,0,"High Opportunity"
"1203","06097150901",0.0757493812555556,0,"High Opportunity"
"1204","06097150902",-0.0455111297809524,0,"Moderate Opportunity"
"1205","06097151000",-0.114820741759048,0,"Moderate Opportunity"
"1206","06097151100",0.0625576816673017,0,"High Opportunity"
"1207","06097151201",-0.155180574647619,0,"Low Opportunity"
"1208","06097151203",0.0194885627584127,0,"High Opportunity"
"1209","06097151204",-0.26140151658,0,"Low Opportunity"
"1210","06097151301",-0.318710287852698,0,"Low Opportunity"
"1211","06097151306",-0.281756354193016,0,"Low Opportunity"
"1212","06097151307",-0.197803508647619,0,"Low Opportunity"
"1213","06097151308",-0.107121515634603,0,"Moderate Opportunity"
"1214","06097151309",-0.173946627336825,0,"Low Opportunity"
"1215","06097151311",-0.127371014917143,0,"Moderate Opportunity"
"1216","06097151401",-0.0720348444695238,0,"Moderate Opportunity"
"1217","06097151502",-0.0916847446619048,0,"Moderate Opportunity"
"1218","06097151503",-0.0576186253933334,0,"Moderate Opportunity"
"1219","06097151504",-0.135131417891111,0,"Low Opportunity"
"1220","06097151601",-0.0838068941679364,0,"Moderate Opportunity"
"1221","06097151602",0.0370079130374602,0,"High Opportunity"
"1222","06097151700",-0.0462429113898413,0,"Moderate Opportunity"
"1223","06097151800",-0.107937097991429,0,"Moderate Opportunity"
"1224","06097151900",-0.0909817649292064,0,"Moderate Opportunity"
"1225","06097152100",-0.299953154132381,0,"Low Opportunity"
"1226","06097152202",-0.12041360745619,0,"Moderate Opportunity"
"1227","06097152300",0.0125850536860317,0,"High Opportunity"
"1228","06097152400",-0.363425293696825,0,"Low Opportunity"
"1229","06097152501",0.311162683833968,0,"Highest Opportunity"
"1230","06097152502",0.00839067048031744,0,"High Opportunity"
"1231","06097152600",0.18478522064381,0,"Highest Opportunity"
"1232","06097152701",-0.0981236549755555,0,"Moderate Opportunity"
"1233","06097152801",-0.488652102508254,0,"Low Opportunity"
"1234","06097152904",-0.132004537487302,0,"Low Opportunity"
"1235","06097152905",-0.223159031996825,0,"Low Opportunity"
"1236","06097152906",-0.198552714234603,0,"Low Opportunity"
"1237","06097153005",-0.204416447772063,0,"Low Opportunity"
"1238","06097153401",0.151454783280635,0,"Highest Opportunity"
"1239","06097153403",0.0552613130990476,0,"High Opportunity"
"1240","06097153404",0.0856670096063492,0,"High Opportunity"
"1241","06097153501",0.11281703305873,0,"High Opportunity"
"1242","06097153502",0.144790441291746,0,"Highest Opportunity"
"1243","06097153600",0.289510083737143,0,"Highest Opportunity"
"1244","06097153706",0.0112393894631746,0,"High Opportunity"
"1245","06097153801",0.0579578777523809,0,"High Opportunity"
"1246","06097153804",0.0820474299660318,0,"High Opportunity"
"1247","06097153806",-0.101016383367937,0,"Moderate Opportunity"
"1248","06097153807",0.0422592836771428,0,"High Opportunity"
"1249","06097153808",-0.286172912214921,0,"Low Opportunity"
"1250","06097153809",-0.346926933652063,0,"Low Opportunity"
"1251","06097153901",-0.0339298877238095,0,"Moderate Opportunity"
"1252","06097153903",0.0465861409333333,0,"High Opportunity"
"1253","06097154000",0.638182923250794,0,"Highest Opportunity"
"1254","06097154100",0.72581285899746,0,"Highest Opportunity"
"1255","06097154201",-0.0639349582149207,0,"Moderate Opportunity"
"1256","06097154202",-0.0730073752133333,0,"Moderate Opportunity"
"1257","06097154302",0.277090026009206,0,"Highest Opportunity"
"1258","06097154303",0.853444681663175,0,"Highest Opportunity"
"1259","06097154304",0.50320539112,0,"Highest Opportunity"
"1260","06001400700",0.27288163040254,-1,"Lowest Opportunity"
"1261","06001400800",0.191982662826984,-1,"Lowest Opportunity"
"1262","06001400900",0.160514324506349,-1,"Lowest Opportunity"
"1263","06001401000",0.297872807105397,-1,"Lowest Opportunity"
"1264","06001401300",0.130180733249524,-1,"Lowest Opportunity"
"1265","06001401400",0.102852228790794,-1,"Lowest Opportunity"
"1266","06001401500",0.46790207228127,-1,"Lowest Opportunity"
"1267","06001401600",0.114346735743809,-1,"Lowest Opportunity"
"1268","06001401700",0.168487152376825,-1,"Lowest Opportunity"
"1269","06001401800",0.234075321500635,-1,"Lowest Opportunity"
"1270","06001402200",0.218055509100635,-1,"Lowest Opportunity"
"1271","06001402400",0.447011133009841,-1,"Lowest Opportunity"
"1272","06001402500",0.115140000090476,-1,"Lowest Opportunity"
"1273","06001402600",0.291220114533333,-1,"Lowest Opportunity"
"1274","06001402700",0.304929618179365,-1,"Lowest Opportunity"
"1275","06001402800",0.369913005785079,-1,"Lowest Opportunity"
"1276","06001402900",0.215642253088254,-1,"Lowest Opportunity"
"1277","06001403000",0.160284948486667,-1,"Lowest Opportunity"
"1278","06001403100",0.141453548706032,-1,"Lowest Opportunity"
"1279","06001403502",0.168897969573651,-1,"Lowest Opportunity"
"1280","06001405302",0.00363541189301586,-1,"Lowest Opportunity"
"1281","06001405401",0.146091408483175,-1,"Lowest Opportunity"
"1282","06001405500",0.141606880405397,-1,"Lowest Opportunity"
"1283","06001405700",0.139804840446032,-1,"Lowest Opportunity"
"1284","06001405800",0.0867918127050794,-1,"Lowest Opportunity"
"1285","06001405901",0.0304818320231746,-1,"Lowest Opportunity"
"1286","06001406100",0.0424537476022222,-1,"Lowest Opportunity"
"1287","06001406201",0.175198999160952,-1,"Lowest Opportunity"
"1288","06001406202",0.194371688033333,-1,"Lowest Opportunity"
"1289","06001406300",0.129047626165714,-1,"Lowest Opportunity"
"1290","06001406500",0.15827578607746,-1,"Lowest Opportunity"
"1291","06001406601",-0.0524308836047619,-1,"Lowest Opportunity"
"1292","06001406602",0.0654702830625397,-1,"Lowest Opportunity"
"1293","06001407000",-0.0591528699692063,-1,"Lowest Opportunity"
"1294","06001407101",-0.0850419683403175,-1,"Lowest Opportunity"
"1295","06001407102",-0.0369893128101587,-1,"Lowest Opportunity"
"1296","06001407200",0.207836683786032,-1,"Lowest Opportunity"
"1297","06001407300",-0.220623284854603,-1,"Lowest Opportunity"
"1298","06001407400",-0.116911081732063,-1,"Lowest Opportunity"
"1299","06001407500",0.218704114051111,-1,"Lowest Opportunity"
"1300","06001407600",0.105900942353016,-1,"Lowest Opportunity"
"1301","06001408200",0.0601175077203175,-1,"Lowest Opportunity"
"1302","06001408400",0.189232545882222,-1,"Lowest Opportunity"
"1303","06001408500",0.132364723169841,-1,"Lowest Opportunity"
"1304","06001408600",0.233102105922222,-1,"Lowest Opportunity"
"1305","06001408700",-0.0270004449653968,-1,"Lowest Opportunity"
"1306","06001408800",0.0826029983428571,-1,"Lowest Opportunity"
"1307","06001408900",-0.0523755700238095,-1,"Lowest Opportunity"
"1308","06001409000",-0.308899215970159,-1,"Lowest Opportunity"
"1309","06001409100",-0.0823288178117461,-1,"Lowest Opportunity"
"1310","06001409200",-0.121494610346349,-1,"Lowest Opportunity"
"1311","06001409300",-0.194150928179365,-1,"Lowest Opportunity"
"1312","06001409400",0.00219088626507933,-1,"Lowest Opportunity"
"1313","06001409500",-0.169425944785397,-1,"Lowest Opportunity"
"1314","06001409600",0.104118890836508,-1,"Lowest Opportunity"
"1315","06001409700",0.00240996748063496,-1,"Lowest Opportunity"
"1316","06001410100",-0.106368685104762,-1,"Lowest Opportunity"
"1317","06001410200",0.236934767990794,-1,"Lowest Opportunity"
"1318","06001410300",0.142498496468889,-1,"Lowest Opportunity"
"1319","06001410400",-0.0534442946263492,-1,"Lowest Opportunity"
"1320","06001410500",0.287157102588254,-1,"Lowest Opportunity"
"1321","06001422700",0.556223058112064,-1,"Lowest Opportunity"
"1322","06001422800",0.075443379747619,-1,"Lowest Opportunity"
"1323","06001422900",0.498854740104762,-1,"Lowest Opportunity"
"1324","06001423200",0.297676133936508,-1,"Lowest Opportunity"
"1325","06001423602",0.334485871098413,-1,"Lowest Opportunity"
"1326","06001424001",0.33822148456381,-1,"Lowest Opportunity"
"1327","06001427600",-0.0598735077752381,-1,"Lowest Opportunity"
"1328","06001430900",-0.206097039484444,-1,"Lowest Opportunity"
"1329","06001432400",-0.106910886672381,-1,"Lowest Opportunity"
"1330","06001432600",-0.190003790828889,-1,"Lowest Opportunity"
"1331","06001433103",0.113866521517143,-1,"Lowest Opportunity"
"1332","06001433104",-0.0682011726536508,-1,"Lowest Opportunity"
"1333","06001433200",-0.142029589379365,-1,"Lowest Opportunity"
"1334","06001433600",-0.0304729979250794,-1,"Lowest Opportunity"
"1335","06001433900",-0.033651104619365,-1,"Lowest Opportunity"
"1336","06001434000",-0.068636633848254,-1,"Lowest Opportunity"
"1337","06001435104",0.069985545515873,-1,"Lowest Opportunity"
"1338","06001435400",0.0091546783593651,-1,"Lowest Opportunity"
"1339","06001435601",-0.213218863657778,-1,"Lowest Opportunity"
"1340","06001436200",-0.258554320403492,-1,"Lowest Opportunity"
"1341","06001436500",-0.212781789183175,-1,"Lowest Opportunity"
"1342","06001436601",-0.105940938175238,-1,"Lowest Opportunity"
"1343","06001436602",-0.0562010943926984,-1,"Lowest Opportunity"
"1344","06001436900",-0.304379587390159,-1,"Lowest Opportunity"
"1345","06001437300",-0.0631874212244445,-1,"Lowest Opportunity"
"1346","06001437500",-0.274704956108254,-1,"Lowest Opportunity"
"1347","06001437701",0.197866597259682,-1,"Lowest Opportunity"
"1348","06001437702",-0.0428281761619047,-1,"Lowest Opportunity"
"1349","06001437900",-0.372443176550159,-1,"Lowest Opportunity"
"1350","06001438201",-0.0619316301657143,-1,"Lowest Opportunity"
"1351","06013302009",-0.0446840265777777,-1,"Lowest Opportunity"
"1352","06013305000",-0.211478266102857,-1,"Lowest Opportunity"
"1353","06013306002",-0.238505158711429,-1,"Lowest Opportunity"
"1354","06013306003",-0.311263951617778,-1,"Lowest Opportunity"
"1355","06013307102",-0.278275148902222,-1,"Lowest Opportunity"
"1356","06013307201",-0.295100521966349,-1,"Lowest Opportunity"
"1357","06013307202",-0.166778560429841,-1,"Lowest Opportunity"
"1358","06013307205",-0.203469166353333,-1,"Lowest Opportunity"
"1359","06013308001",-0.218895108328571,-1,"Lowest Opportunity"
"1360","06013309000",-0.229105686601905,-1,"Lowest Opportunity"
"1361","06013310000",-0.145314275281587,-1,"Lowest Opportunity"
"1362","06013311000",-0.206583482711746,-1,"Lowest Opportunity"
"1363","06013312000",-0.09595851376,-1,"Lowest Opportunity"
"1364","06013313101",-0.197572785342857,-1,"Lowest Opportunity"
"1365","06013313204",-0.255355215018095,-1,"Lowest Opportunity"
"1366","06013313206",-0.267093533831111,-1,"Lowest Opportunity"
"1367","06013314102",-0.322004380628889,-1,"Lowest Opportunity"
"1368","06013314103",-0.218231680011746,-1,"Lowest Opportunity"
"1369","06013314104",-0.143582599500952,-1,"Lowest Opportunity"
"1370","06013314200",-0.131082483086349,-1,"Lowest Opportunity"
"1371","06013316000",0.0349868971619048,-1,"Lowest Opportunity"
"1372","06013317000",-0.127727636144762,-1,"Lowest Opportunity"
"1373","06013327000",-0.167443522451111,-1,"Lowest Opportunity"
"1374","06013328000",0.162140771913651,-1,"Lowest Opportunity"
"1375","06013336101",0.18343795314,-1,"Lowest Opportunity"
"1376","06013336102",0.155297181699682,-1,"Lowest Opportunity"
"1377","06013336201",-0.305243484787937,-1,"Lowest Opportunity"
"1378","06013336202",-0.157384854405714,-1,"Lowest Opportunity"
"1379","06013340001",0.00751995548031746,-1,"Lowest Opportunity"
"1380","06013358000",-0.266192890827619,-1,"Lowest Opportunity"
"1381","06013365002",0.0658984497711111,-1,"Lowest Opportunity"
"1382","06013366001",0.176111292606349,-1,"Lowest Opportunity"
"1383","06013366002",-0.257066478246984,-1,"Lowest Opportunity"
"1384","06013367200",-0.164228229759365,-1,"Lowest Opportunity"
"1385","06013368001",-0.250799827315556,-1,"Lowest Opportunity"
"1386","06013368002",-0.206959505600317,-1,"Lowest Opportunity"
"1387","06013369001",0.00224910971714284,-1,"Lowest Opportunity"
"1388","06013369002",-0.199815453614286,-1,"Lowest Opportunity"
"1389","06013372000",-0.00415489496063495,-1,"Lowest Opportunity"
"1390","06013373000",-0.308822937787619,-1,"Lowest Opportunity"
"1391","06013374000",-0.103237343919365,-1,"Lowest Opportunity"
"1392","06013375000",0.0865878958796826,-1,"Lowest Opportunity"
"1393","06013376000",0.0806556151400001,-1,"Lowest Opportunity"
"1394","06013377000",-0.0837520482688889,-1,"Lowest Opportunity"
"1395","06013379000",0.069638112383492,-1,"Lowest Opportunity"
"1396","06013381000",-0.170897612143175,-1,"Lowest Opportunity"
"1397","06013382000",-0.0345328414317461,-1,"Lowest Opportunity"
"1398","06013386000",-0.119608094553333,-1,"Lowest Opportunity"
"1399","06041112100",0.161559004786032,-1,"Lowest Opportunity"
"1400","06041112201",-0.154290148506984,-1,"Lowest Opportunity"
"1401","06041112202",-0.0538522820219048,-1,"Lowest Opportunity"
"1402","06041129000",0.0900062465663492,-1,"Lowest Opportunity"
"1403","06055200202",0.182836103368254,-1,"Lowest Opportunity"
"1404","06055200301",-0.241399789184444,-1,"Lowest Opportunity"
"1405","06055200704",-0.100516404371429,-1,"Lowest Opportunity"
"1406","06055200804",-0.230370671599683,-1,"Lowest Opportunity"
"1407","06055201601",0.0564616149714286,-1,"Lowest Opportunity"
"1408","06075010700",0.0822105508777777,-1,"Lowest Opportunity"
"1409","06075011700",0.465997736647619,-1,"Lowest Opportunity"
"1410","06075011800",0.336658600032063,-1,"Lowest Opportunity"
"1411","06075012000",0.556787150773016,-1,"Lowest Opportunity"
"1412","06075012301",0.111663803753651,-1,"Lowest Opportunity"
"1413","06075012302",0.143938893473651,-1,"Lowest Opportunity"
"1414","06075012401",0.292723343697143,-1,"Lowest Opportunity"
"1415","06075012402",0.128562756853016,-1,"Lowest Opportunity"
"1416","06075012501",0.31386262862127,-1,"Lowest Opportunity"
"1417","06075015801",0.171858466291429,-1,"Lowest Opportunity"
"1418","06075016100",0.300076471889841,-1,"Lowest Opportunity"
"1419","06075017601",0.16174405322254,-1,"Lowest Opportunity"
"1420","06075017802",0.155970656113651,-1,"Lowest Opportunity"
"1421","06075017902",0.479183663567937,-1,"Lowest Opportunity"
"1422","06075020100",-0.0272430155688889,-1,"Lowest Opportunity"
"1423","06075020200",0.205129780000952,-1,"Lowest Opportunity"
"1424","06075020900",0.613113652166984,-1,"Lowest Opportunity"
"1425","06075022901",0.0945670977965079,-1,"Lowest Opportunity"
"1426","06075023102",0.197816862396508,-1,"Lowest Opportunity"
"1427","06075023103",0.371552078412064,-1,"Lowest Opportunity"
"1428","06075023200",0.0966760360384127,-1,"Lowest Opportunity"
"1429","06075023300",0.11998759482127,-1,"Lowest Opportunity"
"1430","06075023400",0.241082172219683,-1,"Lowest Opportunity"
"1431","06075025702",0.0974306249025397,-1,"Lowest Opportunity"
"1432","06075026301",0.230140437512381,-1,"Lowest Opportunity"
"1433","06075033203",0.168704187757143,-1,"Lowest Opportunity"
"1434","06075060502",0.132280470508571,-1,"Lowest Opportunity"
"1435","06075061200",-0.0668657952692064,-1,"Lowest Opportunity"
"1436","06075061400",0.122441232528571,-1,"Lowest Opportunity"
"1437","06075980501",0.42815532170127,-1,"Lowest Opportunity"
"1438","06075980600",-0.00400767433492057,-1,"Lowest Opportunity"
"1439","06081600800",0.0614831288879365,-1,"Lowest Opportunity"
"1440","06081601300",0.0495953017139682,-1,"Lowest Opportunity"
"1441","06081601502",-0.163789106266984,-1,"Lowest Opportunity"
"1442","06081602100",-0.0299656122974603,-1,"Lowest Opportunity"
"1443","06081602200",-0.0295485523644444,-1,"Lowest Opportunity"
"1444","06081602300",-0.0442067962685714,-1,"Lowest Opportunity"
"1445","06081604101",-0.169578305392698,-1,"Lowest Opportunity"
"1446","06081606000",0.137080409577143,-1,"Lowest Opportunity"
"1447","06081606200",-0.0446561283530159,-1,"Lowest Opportunity"
"1448","06081610201",-0.164443399372698,-1,"Lowest Opportunity"
"1449","06081610202",0.0165028542492064,-1,"Lowest Opportunity"
"1450","06081610203",0.161203854982857,-1,"Lowest Opportunity"
"1451","06081610302",-0.035423821164127,-1,"Lowest Opportunity"
"1452","06081610400",0.117967853039048,-1,"Lowest Opportunity"
"1453","06081610500",-0.17445833853746,-1,"Lowest Opportunity"
"1454","06081610601",0.14298149830127,-1,"Lowest Opportunity"
"1455","06081610800",-0.0266959240787302,-1,"Lowest Opportunity"
"1456","06081610900",0.152559320645079,-1,"Lowest Opportunity"
"1457","06081611700",-0.166230923213651,-1,"Lowest Opportunity"
"1458","06081611800",-0.175675108351111,-1,"Lowest Opportunity"
"1459","06081611900",-0.0463368768507936,-1,"Lowest Opportunity"
"1460","06081612000",-0.146354257115556,-1,"Lowest Opportunity"
"1461","06081612100",0.0925535330495238,-1,"Lowest Opportunity"
"1462","06085500901",0.236728618216191,-1,"Lowest Opportunity"
"1463","06085500902",0.101110835394286,-1,"Lowest Opportunity"
"1464","06085501000",0.155742186862222,-1,"Lowest Opportunity"
"1465","06085501200",0.0349694955980952,-1,"Lowest Opportunity"
"1466","06085501401",-0.0358061939453968,-1,"Lowest Opportunity"
"1467","06085501402",0.0759366113730159,-1,"Lowest Opportunity"
"1468","06085501501",0.0842185752352381,-1,"Lowest Opportunity"
"1469","06085501502",0.119364630430476,-1,"Lowest Opportunity"
"1470","06085501600",0.260419369362222,-1,"Lowest Opportunity"
"1471","06085501700",0.147929305391111,-1,"Lowest Opportunity"
"1472","06085502001",-0.0918952220904762,-1,"Lowest Opportunity"
"1473","06085502002",-0.160824955760952,-1,"Lowest Opportunity"
"1474","06085502102",-0.0314275354469841,-1,"Lowest Opportunity"
"1475","06085503105",-0.0137296037596825,-1,"Lowest Opportunity"
"1476","06085503110",0.406206211548571,-1,"Lowest Opportunity"
"1477","06085503112",0.31401418975873,-1,"Lowest Opportunity"
"1478","06085503113",0.0776824046685714,-1,"Lowest Opportunity"
"1479","06085503117",0.217595067055238,-1,"Lowest Opportunity"
"1480","06085503118",0.236175875029206,-1,"Lowest Opportunity"
"1481","06085503121",0.0452735204955555,-1,"Lowest Opportunity"
"1482","06085503122",-0.0518960767368254,-1,"Lowest Opportunity"
"1483","06085503204",0.130520516656508,-1,"Lowest Opportunity"
"1484","06085503213",0.433718727060317,-1,"Lowest Opportunity"
"1485","06085503214",-0.121434796401905,-1,"Lowest Opportunity"
"1486","06085503217",0.115291810539365,-1,"Lowest Opportunity"
"1487","06085503218",0.0620033924631746,-1,"Lowest Opportunity"
"1488","06085503306",0.168506368866349,-1,"Lowest Opportunity"
"1489","06085503401",0.386567070770794,-1,"Lowest Opportunity"
"1490","06085503402",0.199913001493968,-1,"Lowest Opportunity"
"1491","06085503504",-0.0976903513136508,-1,"Lowest Opportunity"
"1492","06085503506",0.033470587484127,-1,"Lowest Opportunity"
"1493","06085503508",-0.097463467707619,-1,"Lowest Opportunity"
"1494","06085503509",-0.152616233178095,-1,"Lowest Opportunity"
"1495","06085503510",0.0448916290625397,-1,"Lowest Opportunity"
"1496","06085503602",-0.104738595699365,-1,"Lowest Opportunity"
"1497","06085503703",0.0160122164374603,-1,"Lowest Opportunity"
"1498","06085503709",0.872525830640952,-1,"Lowest Opportunity"
"1499","06085503710",0.0440092424412699,-1,"Lowest Opportunity"
"1500","06085503711",0.0372413549425397,-1,"Lowest Opportunity"
"1501","06085503712",-0.0982002316003175,-1,"Lowest Opportunity"
"1502","06085503713",-0.0242702690644444,-1,"Lowest Opportunity"
"1503","06085503903",-0.0258624846130159,-1,"Lowest Opportunity"
"1504","06085504001",0.0290149202212698,-1,"Lowest Opportunity"
"1505","06085504101",-0.0751898197761905,-1,"Lowest Opportunity"
"1506","06085504102",-0.116602120877143,-1,"Lowest Opportunity"
"1507","06085504417",0.0528379951219048,-1,"Lowest Opportunity"
"1508","06085505100",0.0014365516504762,-1,"Lowest Opportunity"
"1509","06085505202",0.395232609573968,-1,"Lowest Opportunity"
"1510","06085505600",0.291274004182222,-1,"Lowest Opportunity"
"1511","06085505700",0.522818866800952,-1,"Lowest Opportunity"
"1512","06085506501",0.29410898120254,-1,"Lowest Opportunity"
"1513","06085511608",0.59416953225746,-1,"Lowest Opportunity"
"1514","06085511915",-0.00804273824603173,-1,"Lowest Opportunity"
"1515","06085512043",-0.00491604726158728,-1,"Lowest Opportunity"
"1516","06085512310",-0.0777226542307937,-1,"Lowest Opportunity"
"1517","06085512505",-0.11288825381873,-1,"Lowest Opportunity"
"1518","06085512506",-0.0678476230825397,-1,"Lowest Opportunity"
"1519","06085512508",-0.0161647166720635,-1,"Lowest Opportunity"
"1520","06085512603",0.0271790194298413,-1,"Lowest Opportunity"
"1521","06085512604",-0.0341128701231746,-1,"Lowest Opportunity"
"1522","06095250200",-0.111026889236825,-1,"Lowest Opportunity"
"1523","06095250300",-0.209134619425397,-1,"Lowest Opportunity"
"1524","06095250400",-0.066714013084127,-1,"Lowest Opportunity"
"1525","06095250501",-0.338559446894603,-1,"Lowest Opportunity"
"1526","06095250701",-0.158168296397143,-1,"Lowest Opportunity"
"1527","06095250801",-0.193164667682857,-1,"Lowest Opportunity"
"1528","06095250900",-0.0020545999825397,-1,"Lowest Opportunity"
"1529","06095251000",0.273787064264444,-1,"Lowest Opportunity"
"1530","06095251100",-0.191635499387619,-1,"Lowest Opportunity"
"1531","06095251200",-0.124914516711111,-1,"Lowest Opportunity"
"1532","06095251500",0.0688639342317459,-1,"Lowest Opportunity"
"1533","06095251600",-0.152259682674921,-1,"Lowest Opportunity"
"1534","06095251701",0.120267759310159,-1,"Lowest Opportunity"
"1535","06095251802",-0.223967196164127,-1,"Lowest Opportunity"
"1536","06095251803",0.0477132974142857,-1,"Lowest Opportunity"
"1537","06095251804",0.115355214836825,-1,"Lowest Opportunity"
"1538","06095251901",-0.186098143351746,-1,"Lowest Opportunity"
"1539","06095251903",0.159372604149206,-1,"Lowest Opportunity"
"1540","06095252402",-0.160368494483175,-1,"Lowest Opportunity"
"1541","06095252501",-0.0565404205644445,-1,"Lowest Opportunity"
"1542","06095252502",0.0316110000482539,-1,"Lowest Opportunity"
"1543","06095252604",-0.136948005807619,-1,"Lowest Opportunity"
"1544","06095252605",-0.20039704902,-1,"Lowest Opportunity"
"1545","06095252606",-0.208060337883492,-1,"Lowest Opportunity"
"1546","06095252607",-0.248927793746349,-1,"Lowest Opportunity"
"1547","06095252608",-0.0973500473098413,-1,"Lowest Opportunity"
"1548","06095252611",0.0208888105453968,-1,"Lowest Opportunity"
"1549","06095252703",-0.302905966746984,-1,"Lowest Opportunity"
"1550","06095252704",-0.0334545580155555,-1,"Lowest Opportunity"
"1551","06095252707",-0.11971252357746,-1,"Lowest Opportunity"
"1552","06095253105",-0.0631717317273015,-1,"Lowest Opportunity"
"1553","06095253107",0.0664931213009524,-1,"Lowest Opportunity"
"1554","06095253203",-0.0552144750320635,-1,"Lowest Opportunity"
"1555","06095253404",-0.323894775010159,-1,"Lowest Opportunity"
"1556","06097150305",-0.10735908366254,-1,"Lowest Opportunity"
"1557","06097150306",0.00491498920126978,-1,"Lowest Opportunity"
"1558","06097151305",-0.0934364466247619,-1,"Lowest Opportunity"
"1559","06097151310",-0.252686973183809,-1,"Lowest Opportunity"
"1560","06097151402",-0.25232394941619,-1,"Lowest Opportunity"
"1561","06097152000",-0.121438311755238,-1,"Lowest Opportunity"
"1562","06097152201",-0.11247826202381,-1,"Lowest Opportunity"
"1563","06097152203",0.112247812026032,-1,"Lowest Opportunity"
"1564","06097152702",0.0649818424466666,-1,"Lowest Opportunity"
"1565","06097152802",-0.149304783378413,-1,"Lowest Opportunity"
"1566","06097152903",-0.145594617189524,-1,"Lowest Opportunity"
"1567","06097153001",-0.0444434947393651,-1,"Lowest Opportunity"
"1568","06097153002",0.0620661503241269,-1,"Lowest Opportunity"
"1569","06097153003",-0.130690863640317,-1,"Lowest Opportunity"
"1570","06097153006",-0.0864756483317461,-1,"Lowest Opportunity"
"1571","06097153102",-0.169628809087302,-1,"Lowest Opportunity"
"1572","06097153103",-0.0704431099339683,-1,"Lowest Opportunity"
"1573","06097153104",0.0305318984666667,-1,"Lowest Opportunity"
"1574","06097153200",-0.268009796042222,-1,"Lowest Opportunity"
"1575","06097153300",-0.0820926920196826,-1,"Lowest Opportunity"
"1576","06097153703",0.046401486720635,-1,"Lowest Opportunity"
"1577","06097153704",0.0670743832088889,-1,"Lowest Opportunity"
"1578","06097153705",0.120540208821587,-1,"Lowest Opportunity"
"1579","06097153902",0.0782855003190476,-1,"Lowest Opportunity"
