tractid,vote_by_tract
06001400100,190851.856836497
06001400200,139678.406309568
06001400300,328014.82177326
06001400400,258631.764880048
06001400500,227233.797473318
06001400600,100399.999987952
06001400700,254543.56431726
06001400800,222723.157081977
06001400900,127648.055974509
06001401000,308502.488467251
06001401100,256935.769817952
06001401200,173080.491119939
06001401300,167731.39532754698
06001401400,165395.050679769
06001401500,100863.11316691
06001401600,90773.637085129
06001401700,158038.104598132
06001401800,74627.378680188
06001402200,106125.738568461
06001402400,102199.99998467001
06001402500,51705.779760838
06001402600,37873.188414933
06001402700,70936.693963792
06001402800,139227.787308747
06001402900,55424.999996992
06001403000,77899.99999347
06001403100,71299.999991444
06001403300,136457.826294725
06001403400,225560.128385241
06001403501,233190.079946255
06001403502,122809.920031863
06001403600,257467.21914463
06001403701,168721.48817426
06001403702,124018.383423894
06001403800,241875.648321145
06001403900,237132.780835759
06001404000,190784.30160888
06001404101,204198.096356642
06001404102,146869.852075623
06001404200,218781.326904574
06001404300,222929.618013858
06001404400,332567.56935284
06001404501,120463.30130235701
06001404502,391619.32309417
06001404600,299916.278993386
06001404700,136373.821333494
06001404800,149399.99999094
06001404900,269809.035993145
06001405000,204467.38951988
06001405100,284137.114514314
06001405200,277298.759625896
06001405301,160945.75667348198
06001405302,110148.322676747
06001405401,109808.51916486
06001405402,72573.416774529
06001405500,138357.49736011
06001405600,136666.903817171
06001405700,116246.440125958
06001405800,90861.481793308
06001405901,71299.99997290601
06001405902,68367.63888378399
06001406000,143396.736330151
06001406100,138253.828918397
06001406201,76664.896060419
06001406202,66235.10391533
06001406300,97152.711316404
06001406400,76967.70261183
06001406500,145462.14014997002
06001406601,158422.61197599
06001406602,76682.875502481
06001406700,306299.999980176
06001406800,189799.999980056
06001406900,193003.174588998
06001407000,170599.999985832
06001407101,78127.239488166
06001407102,116479.417295913
06001407200,111299.99998305
06001407300,61046.342295264
06001407400,65399.99999679
06001407500,68299.999990295
06001407600,207176.59497510002
06001407700,249095.15375028
06001407800,116421.594420249
06001407900,161296.82538447902
06001408000,157762.266367609
06001408100,379990.634886093
06001408200,177427.018619474
06001408300,213690.53443610301
06001408400,91110.287066199
06001408500,117999.999986565
06001408600,135159.618752809
06001408700,193431.160341277
06001408800,115562.878556995
06001408900,58399.999993332
06001409000,81531.562159069
06001409100,51699.999993279
06001409200,71399.999996025
06001409300,95286.323697253
06001409400,69817.834054496
06001409500,56750.603749666996
06001409600,98240.708677491
06001409700,102933.834933857
06001409800,138035.432991298
06001409900,217581.772125642
06001410000,179318.227830397
06001410100,102307.79379075
06001410200,103591.322619853
06001410300,56411.705912408
06001410400,113028.752074063
06001410500,63258.270572917
06001420100,145079.999984617
06001420200,141668.049230842
06001420300,204399.999986724
06001420400,70599.999997176
06001420500,120439.157951817
06001420600,212269.314508871
06001421100,144032.732722458
06001421200,268925.871633626
06001421300,282046.674447575
06001421400,113584.761895595
06001421500,259281.799450427
06001421600,239685.46777856
06001421700,202015.961435357
06001421800,155085.633155585
06001421900,251686.170183895
06001422000,118273.27820136701
06001422100,144326.7217459
06001422200,193519.575827804
06001422300,192839.179993219
06001422400,173757.950164993
06001422500,153987.200043639
06001422600,13694.364701931
06001422700,121002.564026903
06001422800,146208.987338869
06001422900,135999.999991011
06001423000,260237.804862776
06001423100,219662.195109263
06001423200,126099.999986083
06001423300,203904.68106071
06001423400,251499.999982028
06001423500,178823.95909379
06001423601,163218.247896799
06001423602,218868.670815621
06001423700,175899.999985747
06001423800,208068.979591199
06001423901,116329.967093849
06001423902,100569.352245867
06001424001,182673.967631087
06001424002,99921.496810679
06001425101,79299.999998414
06001425102,100755.037695368
06001425103,119176.68934901399
06001425104,158140.491699854
06001426100,398210.558643944
06001426200,301665.164762644
06001427100,224074.682655095
06001427200,182344.87221128
06001427300,284287.100507428
06001427600,137001.256822132
06001427700,238527.952329369
06001427800,236052.121833555
06001427900,246052.190983079
06001428000,122788.662537392
06001428100,247398.166146778
06001428200,347427.151079252
06001428301,315155.153175407
06001428302,401944.84675942
06001428400,207989.115117577
06001428500,137495.025756344
06001428600,150432.883116883
06001428700,93728.81856447
06001430101,300095.299850901
06001430102,136701.90011370002
06001430200,371218.179228078
06001430300,196417.685680088
06001430400,115886.939841395
06001430500,205016.501915435
06001430600,264003.878667436
06001430700,181785.34494764401
06001430800,222470.299513819
06001430900,136408.711969446
06001431000,92871.79486212
06001431100,113554.535745901
06001431200,230921.501797477
06001432100,200531.390749425
06001432200,174729.765402309
06001432300,153637.080512969
06001432400,150099.999988772
06001432501,116391.130171771
06001432502,118813.79309678699
06001432600,230130.441690899
06001432700,129579.204738579
06001432800,173699.99998591
06001433000,151470.673823182
06001433102,119392.580887136
06001433103,108764.285741314
06001433104,83707.31661225
06001433200,188484.379996042
06001433300,229385.557865793
06001433400,230599.999970886
06001433500,141916.249129709
06001433600,171522.682720242
06001433700,75540.124849049
06001433800,180094.424757335
06001433900,118847.53157586501
06001434000,101284.116386263
06001435102,218021.71879319998
06001435103,355318.123956971
06001435104,146615.209576119
06001435200,155770.73368387998
06001435300,132209.089061764
06001435400,126055.604492319
06001435500,96786.022286677
06001435601,94253.845455634
06001435602,108227.707850064
06001435700,132963.601629356
06001435800,180486.745380107
06001435900,185691.867488005
06001436000,159750.78186893
06001436100,163554.789607649
06001436200,62599.999998392
06001436300,195299.999978024
06001436401,278958.60811199597
06001436402,145188.736862272
06001436500,90039.120082166
06001436601,128604.569296766
06001436602,93040.973623697
06001436700,86999.999994597
06001436800,102856.224889834
06001436900,117299.999991665
06001437000,120699.999988111
06001437101,232462.624827796
06001437102,109751.90047756399
06001437200,208151.720214394
06001437300,83899.99998322
06001437400,100079.980908721
06001437500,65923.467076398
06001437600,82840.625458882
06001437701,45035.2609275
06001437702,33364.440687922
06001437800,139699.999985416
06001437900,52648.829421999995
06001438000,112282.651990393
06001438100,234721.763738562
06001438201,112436.763604147
06001438203,107105.544064801
06001438204,173638.418828884
06001438300,88099.999985904
06001438400,75652.965649254
06001440100,87086.98514760399
06001440200,146239.244499786
06001440301,228133.818321662
06001440304,137064.391476946
06001440305,142496.764546016
06001440306,96879.560029668
06001440307,152456.958373573
06001440308,168436.089090567
06001440331,80007.35106934
06001440332,117054.026571287
06001440333,97616.9672191
06001440334,133330.067097294
06001440335,178600.764910909
06001440336,123337.180403057
06001441100,193251.459003834
06001441200,270567.872625244
06001441301,96155.791005998
06001441302,195603.209266633
06001441401,205383.999987883
06001441402,173334.041596853
06001441501,228449.2507325
06001441503,169435.246686316
06001441521,188244.507282724
06001441522,143741.657068343
06001441523,76699.999990029
06001441524,98213.83560906601
06001441601,149240.322566008
06001441602,182258.393343803
06001441700,174142.063474998
06001441800,200445.92094894798
06001441921,86499.999987025
06001441923,73987.799387205
06001441924,196262.018803932
06001441925,89044.916812383
06001441926,68223.703040496
06001441927,58336.14775548
06001442000,156099.999986221
06001442100,210728.116379675
06001442200,289565.997198735
06001442301,114459.915786668
06001442302,128897.802305263
06001442400,185799.999963794
06001442500,199140.149176411
06001442601,123950.009682822
06001442602,155131.959025047
06001442700,122699.999988597
06001442800,93999.99998684
06001442900,209030.398878895
06001443001,78154.228846435
06001443002,175399.999975115
06001443102,198058.860075692
06001443103,179125.667555203
06001443104,200774.464284064
06001443105,184189.270376712
06001443200,160645.677007276
06001443301,143259.121284438
06001443321,48347.45006191
06001443322,93576.008463855
06001444100,300745.685999883
06001444200,210425.064409461
06001444301,133399.999986528
06001444302,126649.53628980799
06001444400,122301.361061616
06001444500,144369.846965414
06001444601,182742.702981951
06001444602,114215.80213813401
06001450101,136619.866909889
06001450102,100349.500940544
06001450200,179960.638285859
06001450300,198922.034601097
06001450400,255494.331661295
06001450501,155510.642940546
06001450502,242079.526504348
06001450601,170660.594431076
06001450602,379191.1977395
06001450603,204583.991212705
06001450604,233843.990001595
06001450605,182868.883082788
06001450606,314785.467408814
06001450607,154424.706849369
06001450701,407062.749650441
06001450741,198711.200017252
06001450742,229703.380084896
06001450743,144451.141231167
06001450744,284260.657860786
06001450745,234098.045233553
06001450746,145853.910362322
06001450750,101600.999144264
06001450751,317839.597277435
06001450752,289033.727254437
06001451101,356837.206758645
06001451102,216301.259740446
06001451201,269722.831141795
06001451202,161852.236223942
06001451300,302912.799936672
06001451401,252835.186100642
06001451403,87684.5179458
06001451404,175220.432956703
06001451501,213388.912788151
06001451503,238032.507356788
06001451504,72009.887243272
06001451505,178445.265544914
06001451506,106703.208953433
06001451601,253855.16474708501
06001451602,302667.24401990103
06001451701,124920.472426374
06001451703,188443.481521196
06001451704,212056.51842307398
06001981900,2900
06001982000,9250.257067695
06001983200,32891.60838632
06013301000,172191.601026144
06013302005,182285.33278418
06013302006,130038.038718528
06013302007,200683.340061467
06013302008,268337.431182071
06013302009,235874.444284547
06013302010,365816.51826433
06013303102,300794.679533723
06013303103,397391.027196143
06013303201,358406.738739874
06013303202,328305.044552582
06013303203,304619.278791926
06013303204,145362.174550553
06013303205,521177.329839924
06013304001,175604.30723486
06013304002,39324.695979326
06013304003,179499.99998955
06013304004,168940.82123967
06013304005,258829.222849137
06013305000,124249.99802857
06013306002,99618.89567343499
06013306003,126795.19178375
06013306004,86359.174957333
06013307101,137963.537888606
06013307102,98559.584048043
06013307201,66284.564247467
06013307202,57221.991695622004
06013307204,121154.589110058
06013307205,172716.412468107
06013308001,233748.45323768602
06013308002,155195.088663096
06013309000,129576.942429682
06013310000,119103.923958912
06013311000,99066.198676169
06013312000,58099.999992447
06013313101,215110.440436253
06013313102,115289.559534767
06013313103,266206.934117542
06013313203,106210.608691742
06013313204,154726.316201569
06013313205,51689.391302332
06013313206,124332.28259673499
06013314102,126670.467831132
06013314103,101567.21427221
06013314104,145562.583350233
06013314200,111605.147997315
06013315000,123994.85198801
06013316000,38913.272427187
06013317000,95455.872469761
06013318000,162202.229583396
06013319000,323816.221545407
06013320001,137642.257207844
06013320003,139288.959667546
06013320004,275786.970659771
06013321101,310511.966082247
06013321102,397031.617682775
06013321103,267871.37275785
06013321200,177649.904366644
06013322000,309933.392580677
06013323000,232035.128372801
06013324001,185480.402913384
06013324002,212135.87665643
06013325000,276128.224373654
06013326000,197502.044337824
06013327000,239573.832986806
06013328000,65765.219847391
06013329000,223018.210839326
06013330000,221767.071032934
06013331000,254212.577136292
06013332000,327787.42279828
06013333101,172024.381612357
06013333102,173370.865679289
06013333200,273999.999968494
06013334001,148062.014372858
06013334004,285051.108533425
06013334006,228148.250909507
06013334200,381989.700801885
06013335000,145487.732319944
06013336101,68936.074393467
06013336102,89660.537280169
06013336201,88970.769390971
06013336202,62453.042327781
06013337100,155888.243061267
06013337200,274517.565722264
06013337300,323610.219897322
06013338101,123040.24390702801
06013338102,174482.474080315
06013338201,200452.333610874
06013338203,208890.61628954601
06013338204,256872.06589652802
06013338301,169592.031461504
06013338302,328950.153818055
06013339001,114846.270547703
06013339002,254463.243690523
06013340001,268819.162979874
06013340002,430733.511393957
06013341000,286454.717446533
06013343001,243468.198584307
06013343002,229492.329219498
06013343003,228632.366868507
06013345101,241611.423498362
06013345102,188301.061139969
06013345103,254556.230897546
06013345105,321740.188652375
06013345108,353049.632582207
06013345111,163304.387016994
06013345112,325942.16782887
06013345113,225332.033339098
06013345114,351635.976053528
06013345115,270845.929320775
06013345116,138299.99998636398
06013345202,332292.965436091
06013345203,353651.389817472
06013345204,209179.490576665
06013346101,204155.857431741
06013346102,336603.957402407
06013346201,419168.782288398
06013346203,220745.027282931
06013346204,380006.974248964
06013347000,374866.717796427
06013348000,268326.969826896
06013349000,274059.193038927
06013350000,319801.54299457
06013351101,247383.424607213
06013351102,278148.114747886
06013351103,158320.879972536
06013351200,362031.542428434
06013352101,147299.039475648
06013352102,298068.957307661
06013352201,330025.323244522
06013352202,147650.47478671
06013353001,221922.03321958202
06013353002,247395.420190053
06013354001,116699.99997790299
06013354002,424435.139404394
06013355107,201297.687441029
06013355108,428793.974472079
06013355109,243640.636111031
06013355110,126829.163782534
06013355111,193508.576348999
06013355112,291523.192648828
06013355113,236262.201431727
06013355114,488646.619905093
06013355115,180334.566362021
06013355116,163428.585287597
06013355117,202408.81517099802
06013355200,293785.598326091
06013355301,375161.007435745
06013355302,193463.594600646
06013355304,411584.821373473
06013355306,289938.902145597
06013356001,140373.846144594
06013356002,250992.879590264
06013357000,162280.673429058
06013358000,189424.075711652
06013359102,184842.798402632
06013359103,200588.235276713
06013359104,79399.999993648
06013359105,201999.99997576
06013359202,303899.99997584
06013359203,259828.72704611
06013359204,186499.99998998002
06013360101,207137.542350715
06013360102,218865.481805903
06013360200,160933.213939376
06013361000,173724.576150774
06013362000,172389.725792736
06013363000,273506.021114633
06013364002,173379.066346309
06013365002,75627.228179361
06013365003,130040.743315638
06013366001,95635.106095612
06013366002,114744.187290372
06013367100,161297.802229406
06013367200,116750.999135415
06013368001,96339.141997197
06013368002,34968.462939918
06013369001,136619.709956853
06013369002,86858.561028036
06013370000,149243.731335356
06013371000,174569.316482548
06013372000,191570.132318646
06013373000,83873.632949405
06013374000,149559.652062487
06013375000,48010.260868106
06013376000,88742.034028822
06013377000,138204.840945679
06013378000,211340.659494122
06013379000,132409.522106725
06013380000,254791.199000582
06013381000,166916.998400418
06013382000,204564.89807738
06013383000,226263.595375884
06013384000,245053.618692843
06013385100,170772.29884840202
06013385200,80842.814281235
06013386000,130012.172180452
06013387000,123148.808789622
06013388000,139849.571029404
06013389100,102779.26850523001
06013389200,55436.40458888
06013390100,144612.380233195
06013390200,115082.867759521
06013391000,173780.861229109
06013392000,163726.315771641
06013392200,269293.54051069997
06013392300,58900.957988874
06041101100,165438.023878076
06041101200,143290.347530429
06041102100,139404.849678919
06041102202,306985.84022387
06041102203,193411.359706664
06041103100,428626.38973168
06041103200,291347.538114136
06041104101,393872.751982869
06041104102,193271.125227328
06041104200,288039.087405732
06041104300,104525.853822809
06041105000,268231.249975859
06041106001,178038.42688485
06041106002,275721.339283108
06041107000,373599.999966275
06041108100,406970.814231339
06041108200,305161.861287313
06041109001,175873.52894278
06041109002,240758.505543099
06041110100,303666.956563444
06041110200,358572.062222573
06041111000,269597.07154129003
06041112100,203133.066729998
06041112201,40646.235136584
06041112202,102453.76484615401
06041113000,247876.957853559
06041114100,338899.250615409
06041114200,190323.076790699
06041115000,448889.40117411903
06041116000,191234.14095361799
06041117000,277671.676652451
06041118100,135417.228975895
06041119100,284065.539387348
06041119201,189724.829345962
06041119202,211810.837842201
06041120000,387963.392920082
06041121100,307118.819617368
06041121200,310777.775724778
06041123000,130508.235272968
06041124100,303323.486676766
06041124200,333187.2985418
06041125000,204703.7198909
06041126100,353784.681166595
06041126200,261330.364931516
06041127000,291894.449052787
06041128100,405842.801422888
06041128200,288898.443436407
06041129000,92281.88851159
06041130201,207001.247791282
06041130202,263662.94589828
06041131100,62178.030296769
06041132100,124299.99998144
06041132200,96966.791896464
06041133000,151024.63534414402
06055200201,130054.744516772
06055200202,92676.345014618
06055200203,79391.65497031
06055200301,181701.455145875
06055200302,118359.729469732
06055200400,194998.836800728
06055200501,141089.906821075
06055200503,53137.688006944
06055200504,203755.259644028
06055200505,81644.740341885
06055200601,220433.66299772199
06055200602,233158.039294851
06055200703,191438.41232845
06055200704,147925.200953439
06055200705,147706.734913468
06055200706,185245.978825061
06055200707,158535.07378072198
06055200802,234078.531917016
06055200803,115242.651546889
06055200804,135478.588802879
06055200900,6757.709250988
06055201003,172105.818528091
06055201004,202899.99998011198
06055201005,92793.339282844
06055201006,122047.224669446
06055201007,148191.213372822
06055201101,137131.564374834
06055201102,92938.562633393
06055201200,243409.731965166
06055201300,147148.962649164
06055201401,184945.773887128
06055201402,172377.47782633101
06055201403,53887.438780585
06055201500,100121.1009479
06055201601,96010.750127775
06055201602,180515.86309361
06055201700,203553.984670165
06055201800,63633.661369766996
06055201900,60776.586086496
06055202000,185899.999983877
06075010100,159884.877350158
06075010200,255283.305805501
06075010300,203670.494773273
06075010400,227111.245769252
06075010500,123773.468527138
06075010600,142010.992921282
06075010700,135812.264521187
06075010800,207963.423361851
06075010900,260776.977110222
06075011000,245527.677626377
06075011100,248931.653512262
06075011200,168369.689395025
06075011300,81888.20607430399
06075011700,76325.498797159
06075011800,35903.272918073
06075011901,109909.715644221
06075011902,115992.836725698
06075012000,149908.478628467
06075012100,133597.995188266
06075012201,154624.09381441
06075012202,77614.861190762
06075012301,59868.578843249
06075012302,95383.374975785
06075012401,123236.637772045
06075012402,190622.035246258
06075012501,89201.974500914
06075012502,86663.745018616
06075012601,128748.092746716
06075012602,142962.829785584
06075012700,193491.938943652
06075012800,244345.887573494
06075012901,154206.366477974
06075012902,185310.258295048
06075013000,239635.756140536
06075013101,229825.243419261
06075013102,162938.475881451
06075013200,239845.266731749
06075013300,243417.434733138
06075013400,219213.912543508
06075013500,152118.481219168
06075015100,150141.707759978
06075015200,216838.749994681
06075015300,124899.999996084
06075015400,330746.325462547
06075015500,165194.717197215
06075015600,156997.085549118
06075015700,342309.116738101
06075015801,179415.402824051
06075015802,185577.906389798
06075015900,163907.230486541
06075016000,121451.839916265
06075016100,200666.675186257
06075016200,181881.435425163
06075016300,217081.45590258602
06075016400,223170.479459893
06075016500,296293.074784924
06075016600,339472.623015003
06075016700,308816.004245313
06075016801,221149.695614968
06075016802,207885.403707502
06075016900,215072.674344963
06075017000,268897.292507954
06075017101,229688.531907028
06075017102,234321.478375333
06075017601,347750.445789117
06075017700,99004.142763126
06075017801,135736.182399433
06075017802,242330.016384835
06075017902,49053.279627698
06075018000,150663.361646981
06075020100,232121.68937379098
06075020200,319624.147288982
06075020300,217376.2528129
06075020401,209199.818621131
06075020402,259571.110403803
06075020500,186937.346508464
06075020600,333454.691451361
06075020700,321721.408383039
06075020800,252426.009141412
06075020900,198006.910330066
06075021000,239797.296582426
06075021100,248738.434357256
06075021200,184049.413349541
06075021300,148090.109152431
06075021400,217128.151179407
06075021500,307903.31921041297
06075021600,244306.175227786
06075021700,243026.57287064
06075021800,247865.352329222
06075022600,322760.199104529
06075022702,136657.85615503
06075022704,204446.18031075
06075022801,218809.124319396
06075022802,89866.240531776
06075022803,196545.586576115
06075022901,165275.824500771
06075022902,103796.708422327
06075022903,142779.62912882
06075023001,144219.69093731898
06075023003,130473.908454767
06075023102,113542.947578716
06075023103,114491.150414695
06075023200,143595.012091459
06075023300,114813.08142849
06075023400,91306.642141748
06075025100,186357.556060822
06075025200,295756.684239992
06075025300,245514.294940311
06075025401,162072.63423174398
06075025402,146511.667439663
06075025403,177664.177229826
06075025500,323729.170265511
06075025600,192460.339636152
06075025701,145092.401814245
06075025702,127555.097192773
06075025800,52200.786245457
06075025900,164540.866181074
06075026001,167090.692704022
06075026002,116997.24620557
06075026003,162160.589934057
06075026004,125662.063754136
06075026100,208451.128701986
06075026200,214897.643399603
06075026301,132275.116625245
06075026302,156233.823521466
06075026303,136062.864377338
06075026401,100264.53999101
06075026402,123951.112400942
06075026403,97649.772558878
06075026404,62600.570472816
06075030101,263559.145479623
06075030102,273371.08981142
06075030201,211196.43207679
06075030202,246786.70126220002
06075030301,324730.301406264
06075030302,193739.50563306
06075030400,285289.685007865
06075030500,141781.710206825
06075030600,138552.289247526
06075030700,403713.369869378
06075030800,335300.872338013
06075030900,369567.707915989
06075031000,199993.810124732
06075031100,323518.120057182
06075031201,205158.56622082
06075031202,113489.064310639
06075031301,166856.351122182
06075031302,198813.660872452
06075031400,211829.142328968
06075032601,225099.03992356
06075032602,188339.155842908
06075032700,292735.733271827
06075032801,163572.304516835
06075032802,168587.673129235
06075032901,207512.475003184
06075032902,155246.406144687
06075033000,365369.639256143
06075033100,189991.587111577
06075033201,84064.67273176
06075033203,121975.392091689
06075033204,124253.646377934
06075035100,338202.377148838
06075035201,248918.580592482
06075035202,194273.791599374
06075035300,290668.761771435
06075035400,298036.488824733
06075040100,224802.28455176798
06075040200,265110.673613709
06075042601,174805.223576466
06075042602,161921.465817211
06075042700,230179.743114351
06075042800,151250.193633002
06075045100,232339.057303833
06075045200,334692.307680703
06075047600,263211.574056995
06075047701,191082.791075919
06075047702,177482.963683941
06075047801,184634.800926953
06075047802,166579.27551133
06075047901,296014.367803412
06075047902,172022.893137536
06075060100,137093.71761715
06075060400,70267.888692782
06075060502,52938.041062763
06075060700,397413.184036556
06075061000,139681.989896672
06075061100,76416.034621275
06075061200,109109.157476827
06075061400,257575.157790226
06075061500,621063.065676551
06075980200,6686.640352986
06075980300,4502.55090997
06075980501,9208.81226047
06075980600,17360.672268288
06075980900,24449.732894335
06081600100,239684.64455095
06081600200,103104.347813482
06081600300,136968.999665358
06081600401,93349.397589571
06081600402,106743.207827917
06081600500,211338.953853682
06081600600,131121.39116379
06081600700,159179.48322139902
06081600800,113583.021719168
06081600900,147299.999987625
06081601000,237899.999978252
06081601100,188455.82297651
06081601200,199135.329318853
06081601300,199176.034750841
06081601400,197552.755485345
06081601501,149810.10197008
06081601502,94501.459346816
06081601601,78124.176614775
06081601603,175422.212285516
06081601604,79929.207192392
06081601605,204855.693047169
06081601700,174975.376208348
06081601800,250618.984602109
06081601901,148399.999988382
06081601902,173735.363093311
06081602000,287359.513747272
06081602100,69814.996794576
06081602200,173089.006896915
06081602300,119896.415189251
06081602400,283816.923043223
06081602500,184203.848178708
06081602600,266557.207978155
06081602700,216022.165280036
06081602800,166415.930306742
06081602900,169900.581754954
06081603000,223248.510421059
06081603100,201336.74366349
06081603200,204199.842189372
06081603300,368946.356444912
06081603400,309131.676683165
06081603700,236702.968378778
06081603801,76099.999999239
06081603802,241699.999982339
06081603900,224701.007900657
06081604000,153906.578062628
06081604101,180276.934725613
06081604102,96923.065246276
06081604200,102539.908768193
06081604400,151124.273579542
06081604500,162482.604577586
06081604600,125679.777682363
06081604700,139902.599217438
06081604800,204495.255738065
06081604900,139935.77652625
06081605000,348449.593183171
06081605100,140584.94933308
06081605200,192922.533327042
06081605300,229414.509249893
06081605400,251570.228976752
06081605500,229385.156729516
06081605600,304252.031407894
06081605700,287392.764861357
06081605800,144870.588221112
06081605900,212099.999991617
06081606000,152729.770984232
06081606100,146233.36069827
06081606200,177111.497873109
06081606300,161228.319674668
06081606400,241825.223602346
06081606500,215569.763743999
06081606600,162387.80995758
06081606700,138062.967275737
06081606800,178059.521708327
06081606900,138801.980185904
06081607000,171060.353480742
06081607100,160020.540380481
06081607200,132489.42151739702
06081607300,202300.28854523101
06081607400,202317.264856256
06081607500,205008.14469135
06081607600,159946.45667434
06081607701,116255.141378864
06081607702,100162.36161464
06081607800,123666.566047556
06081607900,138699.999995839
06081608001,108248.86124992999
06081608002,163951.456894486
06081608004,248599.999989412
06081608013,167362.980792286
06081608023,120149.812642662
06081608100,138579.262463224
06081608200,154890.579875225
06081608300,137230.157626422
06081608400,143265.29810526
06081608501,207421.22326952
06081608502,105515.30022019
06081608600,156531.886478247
06081608700,350349.078211817
06081608800,325381.958013352
06081608900,294595.135964886
06081609000,131035.182987977
06081609100,72272.093015877
06081609201,198866.30005716
06081609202,180142.360147112
06081609300,194475.409032875
06081609400,194241.76267259
06081609500,275647.281625626
06081609601,163250.499814896
06081609602,98743.901905482
06081609603,320237.348603615
06081609700,264974.49083071697
06081609800,249583.933697016
06081609900,180836.048659338
06081610000,227289.528689143
06081610100,91133.799524843
06081610201,102652.17712099799
06081610202,136472.332719961
06081610203,44453.888080175
06081610302,103727.906976253
06081610303,340737.006221144
06081610304,188542.97043674
06081610400,141099.999989195
06081610500,101634.218739134
06081610601,91317.67954716
06081610602,147479.513639507
06081610700,188232.381783451
06081610800,88351.886946926
06081610900,204442.908466581
06081611000,252408.551036654
06081611100,342400.392669122
06081611200,156888.728692757
06081611300,258809.984279761
06081611400,225690.428548892
06081611500,153774.99997169
06081611600,125970.68318356501
06081611700,165318.46471278698
06081611800,102865.796870212
06081611900,245657.526069106
06081612000,134023.05008314
06081612100,140660.486882715
06081612500,209979.32691238602
06081612600,202588.787991978
06081612700,137545.619744496
06081612800,189391.268876323
06081612900,245831.346500516
06081613000,154035.205428135
06081613200,442866.705794024
06081613300,166717.275868299
06081613400,194750.057288349
06081613501,204245.304514102
06081613502,343561.822727419
06081613600,318805.489850891
06081613700,427813.927225792
06081613800,177328.719290756
06081613900,275715.25971852
06081614000,225351.43930771
06085500100,194822.892800775
06085500200,165394.917884934
06085500300,146274.839463324
06085500400,109568.22112079
06085500500,268989.055919481
06085500600,220696.79146661
06085500800,158213.813833214
06085500901,103150.24148340599
06085500902,61186.493725347005
06085501000,146334.163993738
06085501101,136696.888472544
06085501102,147894.418186624
06085501200,116929.211503135
06085501300,146108.477709557
06085501401,53691.361941993004
06085501402,59183.886550408
06085501501,73447.832077661
06085501502,67327.334315611
06085501600,187184.737707012
06085501700,88913.180304799
06085501800,186777.684202342
06085501900,184081.252244964
06085502001,157674.022097905
06085502002,115761.122386213
06085502101,202036.575183673
06085502102,176337.337590487
06085502201,201809.116183441
06085502202,131315.471348877
06085502301,163061.095766918
06085502302,119623.466720311
06085502400,372319.68678626
06085502500,340644.108321434
06085502601,151710.626546022
06085502603,140551.246191559
06085502604,163949.030632964
06085502701,192899.769946873
06085502702,330186.465907384
06085502800,173935.72577586
06085502901,251974.203720547
06085502902,372740.474173331
06085502903,278508.070848287
06085502906,199601.801530859
06085502907,182521.146078265
06085502908,266726.01066712
06085502909,186349.882252134
06085502910,122405.308867486
06085503001,228724.34105546
06085503002,162907.181948786
06085503003,232116.054350192
06085503105,63195.676272335004
06085503108,230131.845828183
06085503110,58139.773031883
06085503111,109275.56116204
06085503112,96922.36383836
06085503113,91669.944643413
06085503115,198756.739118276
06085503116,155199.999994377
06085503117,52459.882668942
06085503118,78150.761733256
06085503121,104040.471616194
06085503122,81558.345106124
06085503123,89486.666692487
06085503204,184299.99998702802
06085503207,132399.99999455
06085503208,104003.3976754
06085503210,101099.999993426
06085503211,140545.418590279
06085503212,128177.566701428
06085503213,107954.09802382
06085503214,195463.795818322
06085503217,81576.430199341
06085503218,74832.083496154
06085503304,147209.06600905198
06085503305,142190.802910592
06085503306,89026.15848635
06085503312,130221.866494744
06085503313,182459.286425691
06085503315,191983.949320293
06085503321,140099.999992184
06085503322,133803.213065423
06085503323,161833.067449116
06085503324,116502.09727945
06085503325,146087.29225351
06085503326,214298.546972147
06085503327,181557.24060971
06085503329,126569.786646796
06085503330,263436.593251752
06085503331,165859.387756439
06085503332,369380.83045122
06085503333,144420.522606463
06085503334,312055.673906198
06085503336,94863.773528445
06085503337,102200.131056311
06085503401,107379.70465017
06085503402,77920.295332062
06085503504,121708.382658868
06085503506,117831.147676909
06085503507,37791.532622418
06085503508,120580.88214723
06085503509,100120.155732965
06085503510,103439.664485111
06085503511,89077.5440068
06085503601,54488.752744539
06085503602,86275.40452121099
06085503703,62540.229978054
06085503707,96955.051142985
06085503708,84679.016676872
06085503709,110749.54954636
06085503710,66614.630751075
06085503711,75221.251113305
06085503712,69182.101008706
06085503713,57914.328154669
06085503802,247617.613071026
06085503803,126823.973595328
06085503804,136784.921347549
06085503902,123435.036817239
06085503903,79596.075328803
06085504001,107960.805765124
06085504002,106641.081159843
06085504101,112455.820370695
06085504102,118030.508825867
06085504201,235378.963667644
06085504202,190122.908785596
06085504307,170008.398398026
06085504308,187802.715236007
06085504311,229325.46031372
06085504314,160622.04127762
06085504315,209657.670155486
06085504316,139972.198419877
06085504317,135597.702818533
06085504318,76571.042908324
06085504319,215619.598565556
06085504320,98668.809238071
06085504321,150700.389832689
06085504322,92955.25166376
06085504323,136060.678911714
06085504410,119662.413888286
06085504411,168383.999982178
06085504412,150855.213970126
06085504413,60363.531815668
06085504414,186753.055844396
06085504415,182588.662115741
06085504416,120146.571021595
06085504417,15306.335567758
06085504418,112378.388456625
06085504420,160358.849532632
06085504421,175344.97550005
06085504422,104049.238302624
06085504423,80601.433775968
06085504504,128183.574568028
06085504505,167624.448286732
06085504506,137057.26874295698
06085504507,180396.526971654
06085504601,40189.200798176
06085504602,123392.399238613
06085504700,9434.216093781
06085504802,152899.999992895
06085504803,170603.960381968
06085504805,209810.332606834
06085504806,80647.526916506
06085504901,194094.256219835
06085505001,232504.582805092
06085505006,180855.961584561
06085505007,109799.99999137799
06085505008,148026.75401253
06085505009,149336.866200774
06085505100,117196.34145397
06085505202,146092.865688344
06085505203,114255.525593478
06085505301,150578.204564441
06085505302,166582.152953184
06085505303,150855.778046699
06085505304,132623.910719259
06085505305,182892.809954313
06085505401,144078.947360837
06085505402,108042.122992024
06085505403,190777.213928162
06085505500,158140.07597118
06085505600,103904.383547
06085505700,188210.727614828
06085505800,186568.258828521
06085505900,259574.381232779
06085506000,189415.62757922302
06085506101,208668.062847234
06085506102,166156.091606338
06085506103,172219.102021689
06085506202,267105.858598006
06085506203,107836.928928241
06085506204,203463.071047503
06085506301,155964.014447825
06085506302,220343.681855707
06085506304,106283.608285692
06085506305,158222.366545936
06085506401,159026.654410458
06085506402,187013.61457757
06085506501,158899.652229998
06085506502,180868.002456657
06085506503,226732.074576062
06085506601,156189.37964664
06085506603,187366.814220504
06085506604,301428.437947662
06085506605,141916.788944983
06085506606,156340.999487241
06085506701,167636.571218339
06085506702,215596.452586417
06085506703,149374.594703397
06085506801,291496.728843299
06085506802,226332.056259756
06085506803,270152.72001432
06085506804,175177.364833166
06085506900,386870.601132341
06085507001,371750.419214445
06085507002,184392.147322989
06085507100,141162.322456683
06085507203,120581.821835486
06085507205,256202.710546994
06085507206,158586.595649527
06085507301,352832.759357775
06085507302,148200.448475884
06085507401,294440.619662024
06085507402,197099.168679655
06085507500,308473.341024831
06085507600,305064.529696456
06085507701,172038.610726437
06085507702,305545.227323571
06085507703,333138.036787783
06085507805,161463.567339432
06085507806,137490.658841173
06085507807,121474.757140032
06085507808,233557.302210247
06085507903,242338.48320319699
06085507904,133036.963963775
06085507905,172535.964438451
06085507906,178718.846372163
06085508001,277695.321815851
06085508003,67351.333136128
06085508004,190206.102345923
06085508101,228055.08027097
06085508102,90046.045801777
06085508202,270563.302710265
06085508203,212501.234376032
06085508204,139962.064634645
06085508301,212999.999985456
06085508303,136714.12823352
06085508304,207376.19698744
06085508401,260299.999965805
06085508403,131713.067158912
06085508404,245757.72630914
06085508503,145959.979273066
06085508504,144958.295922272
06085508505,155719.894078996
06085508507,53092.287230813
06085508508,137468.677582961
06085508601,143879.832613828
06085508602,161464.275233435
06085508703,204596.046836922
06085508704,166066.508016091
06085508800,74979.991846227
06085508900,114697.744347143
06085509000,199315.755730276
06085509102,124383.478254304
06085509105,237551.841478607
06085509106,120188.587435374
06085509107,81531.57991178399
06085509108,146516.599309333
06085509109,191502.342864218
06085509201,163636.335565325
06085509202,172030.639100594
06085509302,144942.503545739
06085509303,126449.629538775
06085509304,107894.056821819
06085509401,98999.999999247
06085509403,92040.93086596401
06085509404,165059.069118813
06085509500,168067.766471777
06085509600,138858.919973865
06085509700,148123.147886352
06085509801,258925.103031708
06085509802,127463.667543497
06085509901,113130.439609466
06085509902,251525.868921459
06085510001,353507.475994996
06085510002,204358.568883992
06085510100,175921.79917532898
06085510200,248412.713536192
06085510300,238062.394606325
06085510400,184499.999987801
06085510500,275924.696779124
06085510600,279569.191459847
06085510700,200640.839882728
06085510801,293099.999978938
06085510802,99313.076913556
06085510803,137526.941907316
06085510900,240473.058047704
06085511000,287939.86173323303
06085511100,301021.694350123
06085511200,271278.305576749
06085511301,189274.783453537
06085511302,183860.036622002
06085511400,200099.999967396
06085511500,384303.293804979
06085511608,14434.095078132
06085511609,115565.17985048999
06085511701,240255.640486419
06085511702,163356.792304578
06085511704,278392.086784078
06085511705,48385.486836201
06085511707,184098.390150478
06085511800,220572.02424876
06085511905,143479.481586937
06085511907,185969.453020496
06085511909,403405.658694622
06085511910,158330.889153998
06085511911,232709.130839481
06085511912,241188.042354362
06085511913,219837.855258334
06085511914,279878.109093041
06085511915,83877.797579757
06085511916,162470.875814153
06085512001,254141.29138475002
06085512005,289263.689852889
06085512017,201854.313215077
06085512019,162601.067155163
06085512020,162228.34723484
06085512021,229354.876418383
06085512022,151420.282669103
06085512023,130811.562443424
06085512024,164111.254516188
06085512025,141969.044926096
06085512026,137511.724546274
06085512027,153238.015484733
06085512029,262496.106385887
06085512030,135108.17517142
06085512031,183246.469031941
06085512032,127723.12729837
06085512033,409715.202581527
06085512034,134020.892025692
06085512035,169579.107961272
06085512036,95265.563682953
06085512037,124491.824809248
06085512038,75956.061628273
06085512039,136816.085095733
06085512042,74929.255636199
06085512043,119167.433224995
06085512045,252089.006679996
06085512047,227304.568719731
06085512052,141441.641850878
06085512053,165961.915123167
06085512100,49912.746775706
06085512200,202392.46328104
06085512305,227906.245271601
06085512307,321801.870480447
06085512308,379945.047124839
06085512309,246473.107253956
06085512310,139908.412752063
06085512311,138499.032216901
06085512312,146566.161674546
06085512313,101675.18795597099
06085512314,221653.183766185
06085512401,177365.471297123
06085512402,193692.422087858
06085512503,452901.388146224
06085512505,204149.457366351
06085512506,161651.31794635102
06085512508,260117.656808278
06085512509,183648.190624106
06085512510,267907.672891441
06085512602,92919.575855793
06085512603,54801.880160311
06085512604,85351.94904036
06085513000,146008.149771797
06085513500,32090.465918794
06095250103,157229.91562287
06095250104,119016.821454123
06095250105,239790.279416297
06095250106,182741.741365388
06095250200,123185.18388896399
06095250300,98363.286022877
06095250400,104261.478928427
06095250501,70268.972880574
06095250502,134078.934788366
06095250601,134732.194452662
06095250604,156649.17406673
06095250605,179531.342782533
06095250701,63381.504495531
06095250801,125095.997881954
06095250900,78380.984018082
06095251000,78664.392937051
06095251100,67230.830016077
06095251200,85623.408982153
06095251300,143075.590525174
06095251400,188386.551995542
06095251500,97546.583078908
06095251600,70360.122630434
06095251701,122757.206148513
06095251702,73751.447640144
06095251802,70023.297073667
06095251803,121149.845346082
06095251804,97867.124288259
06095251901,134348.201168228
06095251902,149483.030264023
06095251903,156999.99996075
06095252000,240041.17737322501
06095252102,187863.933681859
06095252103,165240.263044095
06095252104,300141.536023838
06095252105,171681.325497661
06095252106,204729.715788434
06095252107,169044.808584415
06095252108,164160.254721338
06095252201,419105.938326108
06095252202,434940.110155573
06095252305,217299.839765934
06095252306,174264.332410887
06095252310,172729.69241991
06095252311,206394.336932164
06095252312,100765.882555287
06095252313,242250.314362801
06095252314,129080.364987621
06095252315,169246.25156138
06095252316,118733.858414651
06095252317,303903.23272277403
06095252401,98965.95896621
06095252402,116208.928563788
06095252501,54595.359264838
06095252502,35020.309337119
06095252604,75200.536312535
06095252605,98471.21262843
06095252606,97431.025573717
06095252607,57699.999994807
06095252608,80075.8511328
06095252610,97614.356971468
06095252611,73072.573246908
06095252702,234745.48046607702
06095252703,119685.201410362
06095252704,133353.879823185
06095252705,200572.821671136
06095252706,126714.65898106
06095252707,142670.496791311
06095252801,20805.67154336
06095252802,2469.64891248
06095252903,255478.715072721
06095252904,269602.141678004
06095252908,114896.236295688
06095252909,140158.82936552
06095252910,213321.408186185
06095252911,253606.541119022
06095252912,267419.420988797
06095252913,192822.11177956
06095252914,248258.821224501
06095252915,165932.087820012
06095253101,209114.207499494
06095253105,131138.182472726
06095253106,93599.99999532
06095253107,177939.597293732
06095253108,137392.314166688
06095253201,267205.892991189
06095253203,141511.205532093
06095253204,232727.638232461
06095253205,106695.253065926
06095253206,127189.31532645601
06095253300,102284.103246515
06095253402,235477.054166197
06095253403,209142.108426071
06095253404,226259.49891935
06095253500,533588.727055803
06095980000,272
06097150100,126701.091799688
06097150202,273408.583729112
06097150203,241936.439580607
06097150204,200852.537739086
06097150303,273939.632467806
06097150304,236602.652474698
06097150305,157663.611633795
06097150306,147383.450249
06097150500,239799.784268839
06097150601,186366.044717425
06097150602,206525.37708071
06097150603,313730.060328885
06097150607,271551.334981258
06097150609,212226.839423675
06097150610,194941.58994270102
06097150611,185590.554554595
06097150612,202110.36491431
06097150701,256970.085063148
06097150702,288086.343038162
06097150800,276453.259172125
06097150901,202023.638598557
06097150902,198680.003178357
06097151000,184501.692602427
06097151100,226308.34370312802
06097151201,277973.050677061
06097151203,243485.888985271
06097151204,157679.426616763
06097151301,144980.496310778
06097151305,155536.351945522
06097151306,140932.835631549
06097151307,232170.624601303
06097151308,226889.154986869
06097151309,291847.582227806
06097151310,173076.730345945
06097151311,249288.017242283
06097151401,223685.797375686
06097151402,214232.943428873
06097151502,327256.147218202
06097151503,230107.061409664
06097151504,202235.719023107
06097151601,220386.47923213
06097151602,260163.181482024
06097151700,330809.790713221
06097151800,268132.204290488
06097151900,114740.580212138
06097152000,83566.051506891
06097152100,105557.38504847999
06097152201,185490.535514213
06097152202,304810.020369791
06097152203,170811.841724731
06097152300,266912.467840402
06097152400,461985.309372019
06097152501,198876.669972007
06097152502,162219.248568799
06097152600,457721.777708446
06097152701,236774.513114728
06097152702,176011.671985825
06097152801,160289.06717418
06097152802,173572.557578442
06097152903,118930.53269296601
06097152904,234654.031719838
06097152905,164205.09044495499
06097152906,240985.274161824
06097153001,194518.862740796
06097153002,180946.907833988
06097153003,156132.319666258
06097153005,322314.157616186
06097153006,286761.150203394
06097153102,92453.718070411
06097153103,111537.191543015
06097153104,76411.035674446
06097153200,195491.184383788
06097153300,330412.066740799
06097153401,345917.921098927
06097153403,231074.169536794
06097153404,252807.90924539798
06097153501,260339.243234095
06097153502,233625.97410582402
06097153600,303942.407848128
06097153703,184880.884477439
06097153704,186581.872143476
06097153705,198277.188396124
06097153706,249507.632208954
06097153801,372201.345272344
06097153804,145239.77373523999
06097153806,135702.968748832
06097153807,197613.805088266
06097153808,201572.315352834
06097153809,194329.07666133
06097153901,254919.672984426
06097153902,165492.019272915
06097153903,210833.83032535
06097154000,154785.341039353
06097154100,174835.95746455799
06097154201,148158.017646888
06097154202,267698.57957491
06097154302,253134.262751406
06097154303,98158.823517839
06097154304,124752.984866618
